itemID,title,Action,Adventure,Animation,Comedy,Crime,Documentary,Drama,Fantasy,Film_Noir,Horror,Musical,Mystery,Romance,Sci_Fi,Thriller,War,Western,No_Genre,avg_rating,rating
2,"GoldenEye (1995)",1,1,0,0,0,0,0,0,0,0,0,0,0,0,1,0,0,0,3.2061,1
4,"Get Shorty (1995)",0,0,0,1,1,0,0,0,0,0,0,0,0,0,1,0,0,0,3.5502,4
5,"Copycat (1995)",0,0,0,0,1,0,1,0,0,1,0,1,0,0,1,0,0,0,3.3023,4
8,"Babe (1995)",0,0,0,0,0,0,1,0,0,0,0,0,0,0,0,0,0,0,3.9954,4
12,"Usual Suspects, The (1995)",0,0,0,0,1,0,0,0,0,0,0,1,0,0,1,0,0,0,4.3858,5
22,"Braveheart (1995)",1,0,0,0,0,0,1,0,0,0,0,0,0,0,0,1,0,0,4.1515,5
23,"Taxi Driver (1976)",0,0,0,0,1,0,1,0,0,0,0,0,0,0,1,0,0,0,4.1209,5
26,"Brothers McMullen, The (1995)",0,0,0,1,0,0,0,0,0,0,0,0,0,0,0,0,0,0,3.4521,3
27,"Bad Boys (1995)",1,0,0,1,1,0,1,0,0,0,0,0,0,0,1,0,0,0,3.1053,1
28,"Apollo 13 (1995)",0,1,0,0,0,0,1,0,0,0,0,0,0,0,0,0,0,0,3.9312,4
29,"Batman Forever (1995)",1,1,0,1,1,0,0,0,0,0,0,0,0,0,0,0,0,0,2.6667,4
31,"Crimson Tide (1995)",0,0,0,0,0,0,1,0,0,0,0,0,0,0,1,1,0,0,3.6299,1
32,"Crumb (1994)",0,0,0,0,0,1,0,0,0,0,0,0,0,0,0,0,0,0,3.7901,1
33,"Desperado (1995)",1,0,0,0,0,0,0,0,0,0,0,0,1,0,0,0,1,0,3.4536,1
35,"Free Willy 2: The Adventure Home (1995)",0,1,0,0,0,0,1,0,0,0,0,0,0,0,0,0,0,0,2.1818,2
36,"Mad Love (1995)",0,0,0,0,0,0,1,0,0,0,0,0,1,0,0,0,0,0,2.1538,2
37,"Nadja (1994)",0,0,0,0,0,0,1,0,0,0,0,0,0,0,0,0,0,0,2.2500,1
38,"Net, The (1995)",1,0,0,0,1,0,0,0,0,0,0,0,0,0,1,0,0,0,3.0083,5
39,"Strange Days (1995)",1,0,0,0,1,0,1,0,0,0,0,1,0,1,1,0,0,0,3.2644,1
40,"To Wong Foo, Thanks for Everything! Julie Newmar (1995)",0,0,0,1,0,0,0,0,0,0,0,0,0,0,0,0,0,0,2.8947,2
41,"Billy Madison (1995)",0,0,0,1,0,0,0,0,0,0,0,0,0,0,0,0,0,0,3.0811,1
42,"Clerks (1994)",0,0,0,1,0,0,0,0,0,0,0,0,0,0,0,0,0,0,3.8041,1
43,"Disclosure (1994)",0,0,0,0,0,0,1,0,0,0,0,0,0,0,1,0,0,0,3.0000,1
46,"Exotica (1994)",0,0,0,0,0,0,1,0,0,0,0,0,0,0,0,0,0,0,3.5556,1
47,"Ed Wood (1994)",0,0,0,1,0,0,1,0,0,0,0,0,0,0,0,0,0,0,3.6015,5
48,"Hoop Dreams (1994)",0,0,0,0,0,1,0,0,0,0,0,0,0,0,0,0,0,0,4.0940,1
49,"I.Q. (1994)",0,0,0,1,0,0,0,0,0,0,0,0,1,0,0,0,0,0,3.3210,1
51,"Legends of the Fall (1994)",0,0,0,0,0,0,1,0,0,0,0,0,1,0,0,1,1,0,3.4568,1
52,"Madness of King George, The (1994)",0,0,0,1,0,0,1,0,0,0,0,0,0,0,0,0,0,0,3.7692,1
53,"Natural Born Killers (1994)",1,0,0,0,1,0,0,0,0,0,0,0,0,0,1,0,0,0,2.9531,2
54,"Outbreak (1995)",1,0,0,0,0,0,1,0,0,0,0,0,0,1,1,0,0,0,3.2404,2
56,"Pulp Fiction (1994)",0,0,0,1,1,0,1,0,0,0,0,0,0,0,1,0,0,0,4.0609,4
57,"Priest (1994)",0,0,0,0,0,0,1,0,0,0,0,0,0,0,0,0,0,0,4.0000,1
58,"Quiz Show (1994)",0,0,0,0,0,0,1,0,0,0,0,0,0,0,0,0,0,0,3.6457,1
62,"Stargate (1994)",1,1,0,0,0,0,0,0,0,0,0,0,0,1,0,0,0,0,3.1417,1
63,"Santa Clause, The (1994)",0,0,0,1,0,0,1,1,0,0,0,0,0,0,0,0,0,0,3.0976,3
64,"Shawshank Redemption, The (1994)",0,0,0,0,1,0,1,0,0,0,0,0,0,0,0,0,0,0,4.4452,5
65,"What's Eating Gilbert Grape (1993)",0,0,0,0,0,0,1,0,0,0,0,0,0,0,0,0,0,0,3.5391,1
66,"While You Were Sleeping (1995)",0,0,0,1,0,0,0,0,0,0,0,0,1,0,0,0,0,0,3.5494,5
67,"Ace Ventura: Pet Detective (1994)",0,0,0,1,0,0,0,0,0,0,0,0,0,0,0,0,0,0,3.0485,5
68,"Crow, The (1994)",1,0,0,0,1,0,0,1,0,0,0,0,0,0,1,0,0,0,3.4179,1
69,"Forrest Gump (1994)",0,0,0,1,0,0,1,0,0,0,0,0,1,0,0,1,0,0,3.8536,4
70,"Four Weddings and a Funeral (1994)",0,0,0,1,0,0,0,0,0,0,0,0,1,0,0,0,0,0,3.6614,3
71,"Lion King, The (1994)",0,1,1,0,0,0,1,0,0,0,1,0,0,0,0,0,0,0,3.7818,1
72,"Mask, The (1994)",1,0,0,1,1,0,0,1,0,0,0,0,0,0,0,0,0,0,3.1938,3
73,"Maverick (1994)",0,1,0,1,0,0,0,0,0,0,0,0,0,0,0,0,1,0,3.4688,5
76,"Carlito's Way (1993)",0,0,0,0,1,0,1,0,0,0,0,0,0,0,0,0,0,0,3.4074,3
77,"Firm, The (1993)",0,0,0,0,0,0,1,0,0,0,0,0,0,0,1,0,0,0,3.2781,1
78,"Free Willy (1993)",0,1,0,0,0,0,1,0,0,0,0,0,0,0,0,0,0,0,2.4545,2
79,"Fugitive, The (1993)",0,0,0,0,0,0,0,0,0,0,0,0,0,0,1,0,0,0,4.0446,5
80,"Hot Shots! Part Deux (1993)",1,0,0,1,0,0,0,0,0,0,0,0,0,0,0,1,0,0,2.7647,1
81,"Hudsucker Proxy, The (1994)",0,0,0,1,0,0,0,0,0,0,0,0,0,0,0,0,0,0,3.5545,3
82,"Jurassic Park (1993)",1,1,0,0,0,0,0,0,0,0,0,0,0,1,1,0,0,0,3.7203,4
83,"Much Ado About Nothing (1993)",0,0,0,1,0,0,0,0,0,0,0,0,1,0,0,0,0,0,4.0625,1
85,"Ref, The (1994)",0,0,0,1,0,0,0,0,0,0,0,0,0,0,0,0,0,0,3.0345,4
86,"Remains of the Day, The (1993)",0,0,0,0,0,0,1,0,0,0,0,0,1,0,0,0,0,0,3.9400,1
87,"Searching for Bobby Fischer (1993)",0,0,0,0,0,0,1,0,0,0,0,0,0,0,0,0,0,0,3.9058,1
88,"Sleepless in Seattle (1993)",0,0,0,1,0,0,1,0,0,0,0,0,1,0,0,0,0,0,3.5399,3
89,"Blade Runner (1982)",1,0,0,0,0,0,0,0,0,0,0,0,0,1,1,0,0,0,4.1382,1
90,"So I Married an Axe Murderer (1993)",0,0,0,1,0,0,0,0,0,0,0,0,1,0,1,0,0,0,3.0526,4
91,"Nightmare Before Christmas, The (1993)",0,0,1,0,0,0,0,1,0,0,1,0,0,0,0,0,0,0,3.5874,2
92,"True Romance (1993)",0,0,0,0,1,0,0,0,0,0,0,0,0,0,1,0,0,0,3.6154,1
94,"Home Alone (1990)",0,0,0,1,0,0,0,0,0,0,0,0,0,0,0,0,0,0,3.0876,5
95,"Aladdin (1992)",0,1,1,1,0,0,0,0,0,0,1,0,0,0,0,0,0,0,3.8128,3
96,"Terminator 2: Judgment Day (1991)",1,0,0,0,0,0,0,0,0,0,0,0,0,1,0,0,0,0,4.0068,3
97,"Dances with Wolves (1990)",0,1,0,0,0,0,1,0,0,0,0,0,0,0,0,0,1,0,3.7930,2
98,"Silence of the Lambs, The (1991)",0,0,0,0,1,0,0,0,0,1,0,0,0,0,1,0,0,0,4.2897,4
99,"Snow White and the Seven Dwarfs (1937)",0,0,1,0,0,0,1,1,0,0,1,0,0,0,0,0,0,0,3.7093,5
101,"Heavy Metal (1981)",1,1,1,0,0,0,0,0,0,1,0,0,0,1,0,0,0,0,3.2603,1
102,"Aristocats, The (1970)",0,0,1,0,0,0,0,0,0,0,0,0,0,0,0,0,0,0,3.1296,1
110,"Operation Dumbo Drop (1995)",1,1,0,1,0,0,0,0,0,0,0,0,0,0,0,1,0,0,2.5161,1
127,"Godfather, The (1972)",0,0,0,0,1,0,1,0,0,0,0,0,0,0,0,0,0,0,4.2833,5
132,"Wizard of Oz, The (1939)",0,1,0,0,0,0,0,1,0,0,1,0,0,0,0,0,0,0,4.0772,5
135,"2001: A Space Odyssey (1968)",0,1,0,0,0,0,1,0,0,0,0,0,0,1,0,0,0,0,3.9691,5
139,"Love Bug, The (1969)",0,0,0,1,0,0,0,0,0,0,0,0,0,0,0,0,0,0,2.7800,3
140,"Homeward Bound: The Incredible Journey (1993)",0,1,0,0,0,0,1,0,0,0,0,0,0,0,0,0,0,0,3.2131,3
141,"20,000 Leagues Under the Sea (1954)",0,1,0,0,0,0,1,0,0,0,0,0,0,1,0,0,0,0,3.5000,2
142,"Bedknobs and Broomsticks (1971)",0,1,0,0,0,0,0,0,0,0,1,0,0,0,0,0,0,0,3.0702,1
143,"Sound of Music, The (1965)",0,0,0,0,0,0,0,0,0,0,1,0,1,0,0,0,0,0,3.7658,5
149,"Jude (1996)",0,0,0,0,0,0,1,0,0,0,0,0,0,0,0,0,0,0,3.0000,1
161,"Top Gun (1986)",1,0,0,0,0,0,0,0,0,0,0,0,1,0,0,0,0,0,3.4818,1
171,"Delicatessen (1991)",0,0,0,1,0,0,1,0,0,0,0,0,1,0,0,0,0,0,3.8769,1
173,"Princess Bride, The (1987)",1,1,0,1,0,0,0,1,0,0,0,0,1,0,0,0,0,0,4.1728,5
175,"Brazil (1985)",0,0,0,0,0,0,0,1,0,0,0,0,0,1,0,0,0,0,3.8173,1
176,"Aliens (1986)",1,1,0,0,0,0,0,0,0,1,0,0,0,1,0,0,0,0,3.9472,1
178,"12 Angry Men (1957)",0,0,0,0,0,0,1,0,0,0,0,0,0,0,0,0,0,0,4.3440,3
179,"Clockwork Orange, A (1971)",0,0,0,0,1,0,1,0,0,0,0,0,0,1,1,0,0,0,3.9095,1
180,"Apocalypse Now (1979)",1,0,0,0,0,0,1,0,0,0,0,0,0,0,0,1,0,0,4.0452,3
182,"Goodfellas (1990)",0,0,0,0,1,0,1,0,0,0,0,0,0,0,0,0,0,0,3.9513,1
183,"Alien (1979)",0,0,0,0,0,0,0,0,0,1,0,0,0,1,0,0,0,0,4.0344,1
184,"Army of Darkness (1993)",1,1,0,1,0,0,0,1,0,1,0,0,0,0,0,0,0,0,3.4310,1
185,"Psycho (1960)",0,0,0,0,1,0,0,0,0,1,0,0,0,0,0,0,0,0,4.1004,4
186,"Blues Brothers, The (1980)",1,0,0,1,0,0,0,0,0,0,1,0,0,0,0,0,0,0,3.8367,5
187,"Godfather: Part II, The (1974)",0,0,0,0,1,0,1,0,0,0,0,0,0,0,0,0,0,0,4.1866,5
188,"Full Metal Jacket (1987)",0,0,0,0,0,0,1,0,0,0,0,0,0,0,0,1,0,0,3.6824,1
190,"Henry V (1989)",1,0,0,0,0,0,1,0,0,0,0,0,1,0,0,1,0,0,4.1371,2
191,"Amadeus (1984)",0,0,0,0,0,0,1,0,0,0,0,0,0,0,0,0,0,0,4.1630,4
192,"Raging Bull (1980)",0,0,0,0,0,0,1,0,0,0,0,0,0,0,0,0,0,0,4.1207,5
193,"Right Stuff, The (1983)",0,0,0,0,0,0,1,0,0,0,0,0,0,0,0,0,0,0,3.9172,4
194,"Sting, The (1973)",0,0,0,1,1,0,0,0,0,0,0,0,0,0,0,0,0,0,4.0581,1
195,"Terminator, The (1984)",1,0,0,0,0,0,0,0,0,0,0,0,0,1,1,0,0,0,3.9336,5
196,"Dead Poets Society (1989)",0,0,0,0,0,0,1,0,0,0,0,0,0,0,0,0,0,0,3.9163,1
197,"Graduate, The (1967)",0,0,0,1,0,0,1,0,0,0,0,0,1,0,0,0,0,0,4.1046,4
199,"Bridge on the River Kwai, The (1957)",0,1,0,0,0,0,1,0,0,0,0,0,0,0,0,1,0,0,4.1758,1
200,"Shining, The (1980)",0,0,0,0,0,0,0,0,0,1,0,0,0,0,0,0,0,0,3.8252,2
202,"Groundhog Day (1993)",0,0,0,1,0,0,0,1,0,0,0,0,1,0,0,0,0,0,3.7643,4
203,"Unforgiven (1992)",0,0,0,0,0,0,1,0,0,0,0,0,0,0,0,0,1,0,3.8681,1
204,"Back to the Future (1985)",0,1,0,1,0,0,0,0,0,0,0,0,0,1,0,0,0,0,3.8343,5
205,"Patton (1970)",0,0,0,0,0,0,1,0,0,0,0,0,0,0,0,1,0,0,3.9926,3
206,"Akira (1988)",1,1,1,0,0,0,0,0,0,0,0,0,0,1,0,0,0,0,3.3800,1
207,"Cyrano de Bergerac (1990)",0,0,0,1,0,0,1,0,0,0,0,0,1,0,0,0,0,0,3.8182,1
208,"Young Frankenstein (1974)",0,0,0,1,0,0,0,1,0,0,0,0,0,0,0,0,0,0,3.9450,5
209,"This Is Spinal Tap (1984)",0,0,0,1,0,0,0,0,0,0,0,0,0,0,0,0,0,0,3.9058,3
210,"Indiana Jones and the Last Crusade (1989)",1,1,0,0,0,0,0,0,0,0,0,0,0,0,0,0,0,0,3.9305,5
212,"Unbearable Lightness of Being, The (1988)",0,0,0,0,0,0,1,0,0,0,0,0,0,0,0,0,0,0,3.4565,1
213,"Room with a View, A (1986)",0,0,0,0,0,0,1,0,0,0,0,0,1,0,0,0,0,0,3.9851,2
215,"Field of Dreams (1989)",0,0,0,0,0,0,1,1,0,0,0,0,0,0,0,0,0,0,3.6981,5
216,"When Harry Met Sally... (1989)",0,0,0,1,0,0,0,0,0,0,0,0,1,0,0,0,0,0,3.9103,2
218,"Cape Fear (1991)",0,0,0,0,0,0,0,0,0,0,0,0,0,0,1,0,0,0,3.4561,5
219,"Nightmare on Elm Street, A (1984)",0,0,0,0,0,0,0,0,0,1,0,0,0,0,1,0,0,0,3.1712,5
226,"Die Hard 2 (1990)",1,1,0,0,0,0,0,0,0,0,0,0,0,0,1,0,0,0,3.3554,2
227,"Star Trek VI: The Undiscovered Country (1991)",1,0,0,0,0,0,0,0,0,0,0,1,0,1,0,0,0,0,3.2795,1
229,"Star Trek III: The Search for Spock (1984)",1,1,0,0,0,0,0,0,0,0,0,0,0,1,0,0,0,0,3.1111,1
230,"Star Trek IV: The Voyage Home (1986)",0,1,0,1,0,0,0,0,0,0,0,0,0,1,0,0,0,0,3.4472,2
231,"Batman Returns (1992)",1,0,0,0,1,0,0,0,0,0,0,0,0,0,0,0,0,0,2.6831,3
232,"Young Guns (1988)",1,0,0,1,0,0,0,0,0,0,0,0,0,0,0,0,1,0,3.2079,4
233,"Under Siege (1992)",1,0,0,0,0,0,1,0,0,0,0,0,0,0,1,0,0,0,3.2903,1
234,"Jaws (1975)",1,0,0,0,0,0,0,0,0,1,0,0,0,0,0,0,0,0,3.7750,5
238,"Raising Arizona (1987)",0,0,0,1,0,0,0,0,0,0,0,0,0,0,0,0,0,0,3.8750,5
239,"Sneakers (1992)",1,0,0,1,1,0,1,0,0,0,0,0,0,1,0,0,0,0,3.5133,3
241,"Last of the Mohicans, The (1992)",1,0,0,0,0,0,0,0,0,0,0,0,1,0,0,1,1,0,3.5469,1
265,"Hunt for Red October, The (1990)",1,1,0,0,0,0,0,0,0,0,0,0,0,0,1,0,0,0,3.8634,2
288,"Scream (1996)",0,0,0,1,0,0,0,0,0,1,0,1,0,0,1,0,0,0,3.4414,5
302,"L.A. Confidential (1997)",0,0,0,0,1,0,0,0,1,0,0,1,0,0,1,0,0,0,4.1616,4
303,"Ulee's Gold (1997)",0,0,0,0,0,0,1,0,0,0,0,0,0,0,0,0,0,0,3.6866,1
308,"FairyTale: A True Story (1997)",0,0,0,0,0,0,1,1,0,0,0,0,0,0,0,0,0,0,2.9667,1
313,"Titanic (1997)",0,0,0,0,0,0,1,0,0,0,0,0,1,0,0,0,0,0,4.2457,4
317,"In the Name of the Father (1993)",0,0,0,0,0,0,1,0,0,0,0,0,0,0,0,0,0,0,3.9118,4
318,"Schindler's List (1993)",0,0,0,0,0,0,1,0,0,0,0,0,0,0,0,1,0,0,4.4664,5
347,"Wag the Dog (1997)",0,0,0,1,0,0,0,0,0,0,0,0,0,0,0,0,0,0,3.5109,4
350,"Fallen (1998)",0,0,0,0,1,0,1,1,0,0,0,0,0,0,1,0,0,0,3.1463,1
351,"Prophecy II, The (1998)",0,0,0,0,0,0,0,0,0,1,0,0,0,0,0,0,0,0,2.7000,1
356,"Client, The (1994)",0,0,0,0,0,0,1,0,0,0,0,1,0,0,1,0,0,0,3.3814,5
357,"One Flew Over the Cuckoo's Nest (1975)",0,0,0,0,0,0,1,0,0,0,0,0,0,0,0,0,0,0,4.2917,5
364,"Ace Ventura: When Nature Calls (1995)",0,0,0,1,0,0,0,0,0,0,0,0,0,0,0,0,0,0,2.6757,1
365,"Powder (1995)",0,0,0,0,0,0,1,0,0,0,0,0,0,1,0,0,0,0,3.2083,1
366,"Dangerous Minds (1995)",0,0,0,0,0,0,1,0,0,0,0,0,0,0,0,0,0,0,3.3404,3
367,"Clueless (1995)",0,0,0,1,0,0,0,0,0,0,0,0,1,0,0,0,0,0,3.4588,1
371,"Bridges of Madison County, The (1995)",0,0,0,0,0,0,1,0,0,0,0,0,1,0,0,0,0,0,3.1642,1
372,"Jeffrey (1995)",0,0,0,1,0,0,1,0,0,0,0,0,0,0,0,0,0,0,3.5294,1
373,"Judge Dredd (1995)",1,0,0,0,1,0,0,0,0,0,0,0,0,1,0,0,0,0,2.8974,2
374,"Mighty Morphin Power Rangers: The Movie (1995)",1,0,0,0,0,0,0,0,0,0,0,0,0,0,0,0,0,0,2.2727,1
375,"Showgirls (1995)",0,0,0,0,0,0,1,0,0,0,0,0,0,0,0,0,0,0,1.9565,1
376,"Houseguest (1994)",0,0,0,1,0,0,0,0,0,0,0,0,0,0,0,0,0,0,2.8333,5
378,"Miracle on 34th Street (1994)",0,0,0,0,0,0,1,0,0,0,0,0,0,0,0,0,0,0,3.7228,4
379,"Tales from the Crypt Presents: Demon Knight (1995)",0,0,0,0,0,0,0,0,0,1,0,0,0,0,1,0,0,0,2.9767,1
380,"Star Trek: Generations (1994)",0,1,0,0,0,0,1,0,0,0,0,0,0,1,0,0,0,0,3.3362,2
381,"Muriel's Wedding (1994)",0,0,0,1,0,0,0,0,0,0,0,0,0,0,0,0,0,0,3.5500,1
382,"Adventures of Priscilla, Queen of the Desert, The (1994)",0,0,0,1,0,0,1,0,0,0,0,0,0,0,0,0,0,0,3.5946,1
383,"Flintstones, The (1994)",0,0,0,1,0,0,0,1,0,0,0,0,0,0,0,0,0,0,2.0645,1
384,"Naked Gun 33 1/3: The Final Insult (1994)",1,0,0,1,0,0,0,0,0,0,0,0,0,0,0,0,0,0,2.7826,3
385,"True Lies (1994)",1,1,0,1,0,0,0,0,0,0,0,0,1,0,1,0,0,0,3.5625,1
386,"Addams Family Values (1993)",0,0,0,1,0,0,0,1,0,0,0,0,0,0,0,0,0,0,2.8161,3
387,"Age of Innocence, The (1993)",0,0,0,0,0,0,1,0,0,0,0,0,0,0,0,0,0,0,3.3846,1
388,"Beverly Hills Cop III (1994)",1,0,0,1,1,0,0,0,0,0,0,0,0,0,1,0,0,0,2.3929,4
389,"Black Beauty (1994)",0,1,0,0,0,0,1,0,0,0,0,0,0,0,0,0,0,0,3.4444,2
391,"Last Action Hero (1993)",1,1,0,1,0,0,0,1,0,0,0,0,0,0,0,0,0,0,2.7458,1
392,"Man Without a Face, The (1993)",0,0,0,0,0,0,1,0,0,0,0,0,0,0,0,0,0,0,3.5441,5
393,"Mrs. Doubtfire (1993)",0,0,0,1,0,0,1,0,0,0,0,0,0,0,0,0,0,0,3.4115,4
395,"Robin Hood: Men in Tights (1993)",0,0,0,1,0,0,0,0,0,0,0,0,0,0,0,0,0,0,2.5893,3
396,"Serial Mom (1994)",0,0,0,1,1,0,0,0,0,1,0,0,0,0,0,0,0,0,2.8148,1
397,"Striking Distance (1993)",1,0,0,0,1,0,0,0,0,0,0,0,0,0,0,0,0,0,2.5833,4
398,"Super Mario Bros. (1993)",1,1,0,1,0,0,0,1,0,0,0,0,0,1,0,0,0,0,2.0769,1
399,"Three Musketeers, The (1993)",1,1,0,1,0,0,0,0,0,0,0,0,1,0,0,0,0,0,3.3034,1
400,"Little Rascals, The (1994)",0,0,0,1,0,0,0,0,0,0,0,0,0,0,0,0,0,0,2.7222,1
401,"Brady Bunch Movie, The (1995)",0,0,0,1,0,0,0,0,0,0,0,0,0,0,0,0,0,0,2.8026,1
402,"Ghost (1990)",0,0,0,1,0,0,1,1,0,0,0,0,1,0,1,0,0,0,3.4647,3
403,"Batman (1989)",1,0,0,0,1,0,0,0,0,0,0,0,0,0,1,0,0,0,3.4279,5
404,"Pinocchio (1940)",0,0,1,0,0,0,0,1,0,0,1,0,0,0,0,0,0,0,3.6733,4
414,"My Favorite Year (1982)",0,0,0,1,0,0,0,0,0,0,0,0,0,0,0,0,0,0,3.5323,1
415,"Apple Dumpling Gang, The (1975)",0,0,0,1,0,0,0,0,0,0,0,0,0,0,0,0,1,0,2.8400,2
416,"Old Yeller (1957)",0,0,0,0,0,0,1,0,0,0,0,0,0,0,0,0,0,0,3.4844,2
417,"Parent Trap, The (1961)",0,0,0,1,0,0,0,0,0,0,0,0,1,0,0,0,0,0,3.0959,2
418,"Cinderella (1950)",0,0,1,0,0,0,0,1,0,0,1,0,1,0,0,0,0,0,3.5814,5
419,"Mary Poppins (1964)",0,0,0,1,0,0,0,1,0,0,1,0,0,0,0,0,0,0,3.7247,4
420,"Alice in Wonderland (1951)",0,1,1,0,0,0,0,1,0,0,1,0,0,0,0,0,0,0,3.6667,5
422,"Aladdin and the King of Thieves (1996)",0,0,1,1,0,0,0,1,0,0,1,0,1,0,0,0,0,0,2.8462,1
423,"E.T. the Extra-Terrestrial (1982)",0,0,0,0,0,0,1,0,0,0,0,0,0,1,0,0,0,0,3.8333,5
425,"Bob Roberts (1992)",0,0,0,1,0,0,0,0,0,0,0,0,0,0,0,0,0,0,3.7412,2
427,"To Kill a Mockingbird (1962)",0,0,0,0,0,0,1,0,0,0,0,0,0,0,0,0,0,0,4.2922,5
428,"Harold and Maude (1971)",0,0,0,1,0,0,1,0,0,0,0,0,1,0,0,0,0,0,3.8182,1
429,"Day the Earth Stood Still, The (1951)",0,0,0,0,0,0,1,0,0,0,0,0,0,1,1,0,0,0,3.9381,5
430,"Duck Soup (1933)",0,0,0,1,0,0,0,0,0,0,1,0,0,0,0,1,0,0,4.0000,1
431,"Highlander (1986)",1,1,0,0,0,0,0,1,0,0,0,0,0,0,0,0,0,0,3.5359,3
432,"Fantasia (1940)",0,0,1,0,0,0,0,1,0,0,1,0,0,0,0,0,0,0,3.7701,3
433,"Heathers (1989)",0,0,0,1,0,0,0,0,0,0,0,0,0,0,0,0,0,0,3.6901,4
434,"Forbidden Planet (1956)",0,0,0,0,0,0,1,0,0,0,0,0,0,1,0,0,0,0,3.8358,3
435,"Butch Cassidy and the Sundance Kid (1969)",1,0,0,0,0,0,0,0,0,0,0,0,0,0,0,0,1,0,3.9491,1
436,"American Werewolf in London, An (1981)",0,0,0,1,0,0,0,0,0,1,0,0,0,0,1,0,0,0,3.5354,1
437,"Amityville 1992: It's About Time (1992)",0,0,0,0,0,0,0,0,0,1,0,0,0,0,0,0,0,0,1.0000,1
438,"Amityville 3-D (1983)",0,0,0,0,0,0,0,0,0,1,0,0,0,0,0,0,0,0,1.1667,1
439,"Amityville: A New Generation (1993)",0,0,0,0,0,0,0,0,0,1,0,0,0,0,0,0,0,0,1.0000,1
440,"Amityville II: The Possession (1982)",0,0,0,0,0,0,0,0,0,1,0,0,0,0,0,0,0,0,1.6429,1
441,"Amityville Horror, The (1979)",0,0,0,0,0,0,1,0,0,1,0,1,0,0,1,0,0,0,2.5660,1
442,"Amityville Curse, The (1990)",0,0,0,0,0,0,0,0,0,1,0,0,0,0,0,0,0,0,1.2500,1
443,"Birds, The (1963)",0,0,0,0,0,0,0,0,0,1,0,0,0,0,1,0,0,0,3.8086,4
444,"Blob, The (1958)",0,0,0,0,0,0,0,0,0,1,0,0,0,1,0,0,0,0,2.7174,3
445,"Body Snatcher, The (1945)",0,0,0,0,0,0,1,0,0,1,0,0,0,0,1,0,0,0,3.5000,4
446,"Burnt Offerings (1976)",0,0,0,0,0,0,0,0,0,1,0,0,0,0,0,0,0,0,2.4444,1
447,"Carrie (1976)",0,0,0,0,0,0,1,1,0,1,0,0,0,0,1,0,0,0,3.5041,4
448,"Omen, The (1976)",0,0,0,0,0,0,0,0,0,1,0,1,0,0,1,0,0,0,3.3882,4
449,"Star Trek: The Motion Picture (1979)",0,1,0,0,0,0,0,0,0,0,0,0,0,1,0,0,0,0,3.0342,1
450,"Star Trek V: The Final Frontier (1989)",1,0,0,0,0,0,0,0,0,0,0,0,0,1,0,0,0,0,2.3968,1
451,"Grease (1978)",0,0,0,1,0,0,0,0,0,0,1,0,1,0,0,0,0,0,3.3471,5
452,"Jaws 2 (1978)",0,0,0,0,0,0,0,0,0,1,0,0,0,0,1,0,0,0,2.6667,5
453,"Jaws 3-D (1983)",1,0,0,0,0,0,0,0,0,1,0,0,0,0,0,0,0,0,1.9375,3
461,"Smoke (1995)",0,0,0,1,0,0,1,0,0,0,0,0,0,0,0,0,0,0,3.6216,3
462,"Like Water for Chocolate (Como agua para chocolate) (1992)",0,0,0,0,0,0,1,1,0,0,0,0,1,0,0,0,0,0,3.8041,2
463,"Secret of Roan Inish, The (1994)",0,0,0,0,0,0,1,1,0,0,0,1,0,0,0,0,0,0,3.8592,1
464,"Vanya on 42nd Street (1994)",0,0,0,0,0,0,1,0,0,0,0,0,0,0,0,0,0,0,3.5926,1
465,"Jungle Book, The (1994)",0,1,0,0,0,0,0,0,0,0,0,0,1,0,0,0,0,0,3.5647,1
466,"Red Rock West (1992)",0,0,0,0,0,0,0,0,0,0,0,0,0,0,1,0,0,0,3.5962,1
467,"Bronx Tale, A (1993)",0,0,0,0,0,0,1,0,0,0,0,0,0,0,0,0,0,0,3.7917,4
468,"Rudy (1993)",0,0,0,0,0,0,1,0,0,0,0,0,0,0,0,0,0,0,3.3125,3
469,"Short Cuts (1993)",0,0,0,0,0,0,1,0,0,0,0,0,0,0,0,0,0,0,3.7761,1
470,"Tombstone (1993)",1,0,0,0,0,0,1,0,0,0,0,0,0,0,0,0,1,0,3.6667,1
480,"North by Northwest (1959)",1,1,0,0,0,0,0,0,0,0,0,1,1,0,1,0,0,0,4.2849,4
482,"Some Like It Hot (1959)",0,0,0,1,1,0,0,0,0,0,0,0,0,0,0,0,0,0,3.9844,3
501,"Dumbo (1941)",0,0,1,0,0,0,1,0,0,0,1,0,0,0,0,0,0,0,3.4959,3
504,"Bonnie and Clyde (1967)",0,0,0,0,1,0,1,0,0,0,0,0,0,0,0,0,0,0,3.8197,2
509,"My Left Foot (1989)",0,0,0,0,0,0,1,0,0,0,0,0,0,0,0,0,0,0,3.8512,1
511,"Lawrence of Arabia (1962)",0,1,0,0,0,0,1,0,0,0,0,0,0,0,0,1,0,0,4.2312,2
513,"Third Man, The (1949)",0,0,0,0,0,0,0,0,1,0,0,1,0,0,1,0,0,0,4.3333,1
514,"Annie Hall (1977)",0,0,0,1,0,0,0,0,0,0,0,0,1,0,0,0,0,0,3.9111,1
516,"Local Hero (1983)",0,0,0,1,0,0,0,0,0,0,0,0,0,0,0,0,0,0,3.9683,1
517,"Manhattan (1979)",0,0,0,1,0,0,1,0,0,0,0,0,1,0,0,0,0,0,3.7692,3
518,"Miller's Crossing (1990)",0,0,0,0,1,0,1,0,1,0,0,0,0,0,1,0,0,0,3.6517,1
519,"Treasure of the Sierra Madre, The (1948)",1,1,0,0,0,0,1,0,0,0,0,0,0,0,0,0,1,0,4.1000,2
520,"Great Escape, The (1963)",1,1,0,0,0,0,1,0,0,0,0,0,0,0,0,1,0,0,4.1048,2
521,"Deer Hunter, The (1978)",0,0,0,0,0,0,1,0,0,0,0,0,0,0,0,1,0,0,3.8333,4
522,"Down by Law (1986)",0,0,0,1,0,0,1,0,1,0,0,0,0,0,0,0,0,0,3.7714,1
523,"Cool Hand Luke (1967)",0,0,0,0,0,0,1,0,0,0,0,0,0,0,0,0,0,0,3.9939,2
524,"Great Dictator, The (1940)",0,0,0,1,0,0,1,0,0,0,0,0,0,0,0,1,0,0,4.0217,1
525,"Big Sleep, The (1946)",0,0,0,0,1,0,0,0,1,0,0,1,0,0,0,0,0,0,4.0274,1
526,"Ben-Hur (1959)",1,1,0,0,0,0,1,0,0,0,0,0,0,0,0,0,0,0,3.8306,1
527,"Gandhi (1982)",0,0,0,0,0,0,1,0,0,0,0,0,0,0,0,0,0,0,4.0205,5
528,"Killing Fields, The (1984)",0,0,0,0,0,0,1,0,0,0,0,0,0,0,0,1,0,0,4.1322,1
529,"My Life as a Dog (Mitt liv som hund) (1985)",0,0,0,1,0,0,1,0,0,0,0,0,0,0,0,0,0,0,3.9785,1
530,"Man Who Would Be King, The (1975)",0,1,0,0,0,0,1,0,0,0,0,0,0,0,0,0,0,0,4.0250,1
536,"Ponette (1996)",0,0,0,0,0,0,1,0,0,0,0,0,0,0,0,0,0,0,3.3000,1
537,"My Own Private Idaho (1991)",0,0,0,0,0,0,1,0,0,0,0,0,1,0,0,0,0,0,3.6333,1
540,"Money Train (1995)",1,0,0,1,1,0,1,0,0,0,0,0,0,0,1,0,0,0,2.5116,1
541,"Mortal Kombat (1995)",1,1,0,0,0,0,0,1,0,0,0,0,0,0,0,0,0,0,2.8776,1
542,"Pocahontas (1995)",0,0,1,0,0,0,1,0,0,0,1,0,1,0,0,0,0,0,2.5294,1
545,"Vampire in Brooklyn (1995)",0,0,0,1,0,0,0,0,0,1,0,0,1,0,0,0,0,0,1.8333,1
548,"NeverEnding Story III, The (1994)",0,1,0,0,0,0,0,1,0,0,0,0,0,0,0,0,0,0,2.1667,1
549,"Rob Roy (1995)",1,0,0,0,0,0,1,0,0,0,0,0,1,0,0,1,0,0,3.5652,1
550,"Die Hard: With a Vengeance (1995)",1,0,0,0,1,0,0,0,0,0,0,0,0,0,1,0,0,0,3.2848,2
551,"Lord of Illusions (1995)",0,0,0,0,0,0,0,0,0,1,0,0,0,0,0,0,0,0,2.4167,1
552,"Species (1995)",0,0,0,0,0,0,0,0,0,1,0,0,0,1,0,0,0,0,2.8667,1
553,"Walk in the Clouds, A (1995)",0,0,0,0,0,0,1,0,0,0,0,0,1,0,0,0,0,0,3.2857,1
554,"Waterworld (1995)",1,1,0,0,0,0,0,0,0,0,0,0,0,1,0,0,0,0,2.8039,1
555,"White Man's Burden (1995)",0,0,0,0,0,0,1,0,0,0,0,0,0,0,0,0,0,0,2.0000,1
557,"Farinelli: il castrato (1994)",0,0,0,0,0,0,1,0,0,0,1,0,0,0,0,0,0,0,3.1176,1
558,"Heavenly Creatures (1994)",0,0,0,0,1,0,1,0,0,0,0,0,0,0,0,0,0,0,3.6714,1
560,"Kid in King Arthur's Court, A (1995)",0,1,0,1,0,0,0,1,0,0,0,0,1,0,0,0,0,0,2.7273,1
562,"Quick and the Dead, The (1995)",1,0,0,0,0,0,0,0,0,0,0,0,0,0,1,0,1,0,3.2083,1
564,"Tales from the Hood (1995)",1,0,0,0,1,0,0,0,0,1,0,0,0,0,0,0,0,0,2.0370,1
565,"Village of the Damned (1995)",0,0,0,0,0,0,0,0,0,1,0,0,0,1,0,0,0,0,2.6818,2
566,"Clear and Present Danger (1994)",1,0,0,0,1,0,1,0,0,0,0,0,0,0,1,0,0,0,3.5698,1
568,"Speed (1994)",1,0,0,0,0,0,0,0,0,0,0,0,1,0,1,0,0,0,3.6478,4
569,"Wolf (1994)",0,0,0,0,0,0,1,0,0,1,0,0,1,0,1,0,0,0,2.7015,1
570,"Wyatt Earp (1994)",0,0,0,0,0,0,0,0,0,0,0,0,0,0,0,0,1,0,3.1000,1
571,"Another Stakeout (1993)",0,0,0,1,0,0,0,0,0,0,0,0,0,0,1,0,0,0,2.5000,5
573,"Body Snatchers (1993)",0,0,0,0,0,0,0,0,0,1,0,0,0,1,1,0,0,0,2.9394,3
574,"Boxing Helena (1993)",0,0,0,0,0,0,1,0,0,0,0,1,1,0,1,0,0,0,2.2000,1
575,"City Slickers II: The Legend of Curly's Gold (1994)",0,1,0,1,0,0,0,0,0,0,0,0,0,0,0,0,1,0,2.5455,5
576,"Cliffhanger (1993)",1,1,0,0,0,0,0,0,0,0,0,0,0,0,1,0,0,0,3.0215,1
577,"Coneheads (1993)",0,0,0,1,0,0,0,0,0,0,0,0,0,1,0,0,0,0,2.2195,3
578,"Demolition Man (1993)",1,1,0,0,0,0,0,0,0,0,0,0,0,1,0,0,0,0,3.1522,1
579,"Fatal Instinct (1993)",0,0,0,1,0,0,0,0,0,0,0,0,0,0,0,0,0,0,2.6316,1
581,"Kalifornia (1993)",0,0,0,0,0,0,1,0,0,0,0,0,0,0,1,0,0,0,3.2203,3
582,"Piano, The (1993)",0,0,0,0,0,0,1,0,0,0,0,0,1,0,0,0,0,0,3.6012,3
583,"Romeo Is Bleeding (1993)",0,0,0,0,1,0,0,0,0,0,0,0,0,0,1,0,0,0,3.0000,1
584,"Secret Garden, The (1993)",0,0,0,0,0,0,1,0,0,0,0,0,0,0,0,0,0,0,3.5443,1
585,"Son in Law (1993)",0,0,0,1,0,0,1,0,0,0,0,0,1,0,0,0,0,0,2.4872,1
586,"Terminal Velocity (1994)",1,0,0,0,0,0,0,0,0,0,0,1,0,0,1,0,0,0,2.6765,4
588,"Beauty and the Beast (1991)",0,0,1,0,0,0,0,1,0,0,1,0,1,0,0,0,0,0,3.7921,2
593,"Stalingrad (1993)",0,0,0,0,0,0,1,0,0,0,0,0,0,0,0,1,0,0,3.1667,1
603,"Rear Window (1954)",0,0,0,0,0,0,0,0,0,0,0,1,0,0,1,0,0,0,4.3876,3
606,"All About Eve (1950)",0,0,0,0,0,0,1,0,0,0,0,0,0,0,0,0,0,0,4.0455,3
621,"Davy Crockett, King of the Wild Frontier (1955)",0,1,0,0,0,0,0,0,0,0,0,0,0,0,0,0,1,0,2.9091,1
622,"Swiss Family Robinson (1960)",0,1,0,0,0,0,0,0,0,0,0,0,0,0,0,0,0,0,3.3590,1
623,"Angels in the Outfield (1994)",0,0,0,1,0,0,0,0,0,0,0,0,0,0,0,0,0,0,2.9231,1
624,"Three Caballeros, The (1945)",0,0,1,0,0,0,0,0,0,0,1,0,0,0,0,0,0,0,3.2727,4
625,"Sword in the Stone, The (1963)",0,0,1,0,0,0,0,1,0,0,1,0,0,0,0,0,0,0,3.3293,3
626,"So Dear to My Heart (1949)",0,0,0,0,0,0,1,0,0,0,0,0,0,0,0,0,0,0,3.2500,1
627,"Robin Hood: Prince of Thieves (1991)",0,1,0,0,0,0,1,0,0,0,0,0,0,0,0,0,0,0,3.2267,1
638,"Return of Martin Guerre, The (Retour de Martin Guerre, Le) (1982)",0,0,0,0,0,0,1,0,0,0,0,0,0,0,0,0,0,0,3.7727,1
639,"Tin Drum, The (Blechtrommel, Die) (1979)",0,0,0,0,0,0,1,0,0,0,0,0,0,0,0,1,0,0,3.7000,1
640,"Cook the Thief His Wife & Her Lover, The (1989)",0,0,0,1,0,0,1,0,0,0,0,0,0,0,0,0,0,0,3.0244,1
641,"Paths of Glory (1957)",0,0,0,0,0,0,1,0,0,0,0,0,0,0,0,1,0,0,4.2121,1
642,"Grifters, The (1990)",0,0,0,0,1,0,1,0,1,0,0,0,0,0,0,0,0,0,3.4831,1
644,"Thin Blue Line, The (1988)",0,0,0,0,0,1,0,0,0,0,0,0,0,0,0,0,0,0,3.7714,3
645,"Paris Is Burning (1990)",0,0,0,0,0,1,0,0,0,0,0,0,0,0,0,0,0,0,3.8148,1
647,"Ran (1985)",0,0,0,0,0,0,1,0,0,0,0,0,0,0,0,1,0,0,4.1000,1
648,"Quiet Man, The (1952)",0,0,0,0,0,0,1,0,0,0,0,0,1,0,0,0,0,0,4.0299,1
649,"Once Upon a Time in America (1984)",0,0,0,0,1,0,1,0,0,0,0,0,0,0,0,0,0,0,3.4000,1
650,"Seventh Seal, The (Sjunde inseglet, Det) (1957)",0,0,0,0,0,0,1,0,0,0,0,0,0,0,0,0,0,0,3.5417,1
651,"Glory (1989)",0,0,0,0,0,0,1,0,0,0,0,0,0,0,0,1,0,0,4.0760,5
652,"Rosencrantz and Guildenstern Are Dead (1990)",0,0,0,1,0,0,1,0,0,0,0,0,0,0,0,0,0,0,3.8889,1
653,"Touch of Evil (1958)",0,0,0,0,1,0,0,0,1,0,0,0,0,0,1,0,0,0,3.9118,1
654,"Chinatown (1974)",0,0,0,0,1,0,0,0,1,0,0,1,0,0,1,0,0,0,4.1361,2
655,"Stand by Me (1986)",0,1,0,0,0,0,1,0,0,0,0,0,0,0,0,0,0,0,3.8811,5
656,"M (1931)",0,0,0,0,1,0,0,0,1,0,0,0,0,0,1,0,0,0,4.0000,1
657,"Manchurian Candidate, The (1962)",0,0,0,0,1,0,0,0,0,0,0,0,0,0,1,1,0,0,4.2595,1
658,"Pump Up the Volume (1990)",0,0,0,1,0,0,1,0,0,0,0,0,0,0,0,0,0,0,3.4177,4
659,"Arsenic and Old Lace (1944)",0,0,0,1,0,0,0,0,0,0,0,1,0,0,1,0,0,0,4.0783,4
660,"Fried Green Tomatoes (1991)",0,0,0,1,1,0,1,0,0,0,0,0,0,0,0,0,0,0,3.7647,2
661,"High Noon (1952)",0,0,0,0,0,0,1,0,0,0,0,0,0,0,0,0,1,0,4.1023,3
662,"Somewhere in Time (1980)",0,0,0,0,0,0,1,0,0,0,0,0,1,0,0,0,0,0,3.4268,1
663,"Being There (1979)",0,0,0,1,0,0,1,0,0,0,0,0,0,0,0,0,0,0,3.9052,2
664,"Paris, Texas (1984)",0,0,0,0,0,0,1,0,0,0,0,0,1,0,0,0,0,0,3.5435,1
666,"Blood for Dracula (Andy Warhol's Dracula) (1974)",0,0,0,0,0,0,0,0,0,1,0,0,0,0,0,0,0,0,2.4000,1
667,"Audrey Rose (1977)",0,0,0,0,0,0,0,0,0,1,0,0,0,0,0,0,0,0,2.1667,1
668,"Blood Beach (1981)",0,0,0,0,0,0,0,0,0,1,0,1,0,0,0,0,0,0,2.1667,1
669,"Body Parts (1991)",0,0,0,0,0,0,0,0,0,1,0,0,0,0,1,0,0,0,1.6154,1
670,"Body Snatchers (1993)",0,0,0,0,0,0,0,0,0,1,0,0,0,1,1,0,0,0,3.0000,1
672,"Candyman (1992)",0,0,0,0,0,0,0,0,0,1,0,0,0,0,1,0,0,0,2.7231,1
673,"Cape Fear (1962)",0,0,0,0,1,0,1,0,0,0,0,0,0,0,1,0,0,0,3.5233,5
674,"Cat People (1982)",0,0,0,0,0,0,1,1,0,1,0,0,0,0,0,0,0,0,2.8958,1
675,"Nosferatu (Nosferatu, eine Symphonie des Grauens) (1922)",0,0,0,0,0,0,0,0,0,1,0,0,0,0,0,0,0,0,3.5556,1
684,"In the Line of Fire (1993)",1,0,0,0,0,0,0,0,0,0,0,0,0,0,1,0,0,0,3.7929,3
692,"American President, The (1995)",0,0,0,1,0,0,1,0,0,0,0,0,1,0,0,0,0,0,3.6280,5
693,"Casino (1995)",0,0,0,0,1,0,1,0,0,0,0,0,0,0,0,0,0,0,3.6484,2
694,"Persuasion (1995)",0,0,0,0,0,0,1,0,0,0,0,0,1,0,0,0,0,0,4.0455,1
695,"Kicking and Screaming (1995)",0,0,0,1,0,0,1,0,0,0,0,0,0,0,0,0,0,0,2.9231,1
697,"Basketball Diaries, The (1995)",0,0,0,0,0,0,1,0,0,0,0,0,0,0,0,0,0,0,3.4250,1
698,"Browning Version, The (1994)",0,0,0,0,0,0,1,0,0,0,0,0,0,0,0,0,0,0,3.0000,1
699,"Little Women (1994)",0,0,0,0,0,0,1,0,0,0,0,0,0,0,0,0,0,0,3.6765,2
700,"Miami Rhapsody (1995)",0,0,0,1,0,0,0,0,0,0,0,0,0,0,0,0,0,0,2.6000,1
702,"Barcelona (1994)",0,0,0,1,0,0,0,0,0,0,0,0,1,0,0,0,0,0,3.0189,1
703,"Widows' Peak (1994)",0,0,0,0,0,0,1,0,0,0,0,0,0,0,0,0,0,0,3.5789,2
704,"House of the Spirits, The (1993)",0,0,0,0,0,0,1,0,0,0,0,0,1,0,0,0,0,0,3.0417,2
708,"Sex, Lies, and Videotape (1989)",0,0,0,0,0,0,1,0,0,0,0,0,0,0,0,0,0,0,3.4752,1
709,"Strictly Ballroom (1992)",0,0,0,1,0,0,0,0,0,0,0,0,1,0,0,0,0,0,4.0288,1
710,"Better Off Dead... (1985)",0,0,0,1,0,0,0,0,0,0,0,0,1,0,0,0,0,0,3.5696,4
712,"Tin Men (1987)",0,0,0,1,0,0,1,0,0,0,0,0,0,0,0,0,0,0,3.0784,1
714,"Carrington (1995)",0,0,0,0,0,0,1,0,0,0,0,0,1,0,0,0,0,0,3.2308,1
715,"To Die For (1995)",0,0,0,1,0,0,1,0,0,0,0,0,0,0,1,0,0,0,3.2759,1
716,"Home for the Holidays (1995)",0,0,0,0,0,0,1,0,0,0,0,0,0,0,0,0,0,0,3.1552,1
720,"First Knight (1995)",1,0,0,0,0,0,1,0,0,0,0,0,1,0,0,0,0,0,3.0233,1
721,"Mallrats (1995)",0,0,0,1,0,0,0,0,0,0,0,0,1,0,0,0,0,0,3.4444,1
722,"Nine Months (1995)",0,0,0,1,0,0,0,0,0,0,0,0,1,0,0,0,0,0,2.9310,1
723,"Boys on the Side (1995)",0,0,0,1,0,0,1,0,0,0,0,0,0,0,0,0,0,0,3.1471,1
724,"Circle of Friends (1995)",0,0,0,0,0,0,1,0,0,0,0,0,1,0,0,0,0,0,3.4868,1
725,"Exit to Eden (1994)",0,0,0,1,0,0,0,0,0,0,0,0,0,0,0,0,0,0,2.7500,1
726,"Fluke (1995)",0,0,0,0,0,0,1,0,0,0,0,0,0,0,0,0,0,0,2.4286,1
727,"Immortal Beloved (1994)",0,0,0,0,0,0,1,0,0,0,0,0,1,0,0,0,0,0,3.4603,1
728,"Junior (1994)",0,0,0,1,0,0,0,0,0,0,0,0,0,1,0,0,0,0,3.0222,4
729,"Nell (1994)",0,0,0,0,0,0,1,0,0,0,0,0,0,0,0,0,0,0,3.4815,4
730,"Queen Margot (Reine Margot, La) (1994)",0,0,0,0,0,0,1,0,0,0,0,0,1,0,0,0,0,0,3.5000,1
731,"Corrina, Corrina (1994)",0,0,0,1,0,0,1,0,0,0,0,0,1,0,0,0,0,0,3.1538,3
732,"Dave (1993)",0,0,0,1,0,0,0,0,0,0,0,0,1,0,0,0,0,0,3.6500,5
733,"Go Fish (1994)",0,0,0,0,0,0,1,0,0,0,0,0,1,0,0,0,0,0,3.2000,1
734,"Made in America (1993)",0,0,0,1,0,0,0,0,0,0,0,0,0,0,0,0,0,0,2.5185,2
735,"Philadelphia (1993)",0,0,0,0,0,0,1,0,0,0,0,0,0,0,0,0,0,0,3.8540,5
736,"Shadowlands (1993)",0,0,0,0,0,0,1,0,0,0,0,0,1,0,0,0,0,0,3.9359,5
737,"Sirens (1994)",0,0,0,0,0,0,1,0,0,0,0,0,0,0,0,0,0,0,2.9831,1
738,"Threesome (1994)",0,0,0,1,0,0,0,0,0,0,0,0,1,0,0,0,0,0,2.8387,1
739,"Pretty Woman (1990)",0,0,0,1,0,0,0,0,0,0,0,0,1,0,0,0,0,0,3.3232,2
745,"Ruling Class, The (1972)",0,0,0,1,0,0,1,0,0,0,0,0,0,0,0,0,0,0,3.8750,1
746,"Real Genius (1985)",0,0,0,1,0,0,0,0,0,0,0,0,0,0,0,0,0,0,3.6639,1
747,"Benny & Joon (1993)",0,0,0,1,0,0,0,0,0,0,0,0,1,0,0,0,0,0,3.4608,1
755,"Jumanji (1995)",0,1,0,0,0,0,0,1,0,0,0,0,0,0,0,0,0,0,3.3125,2
757,"Across the Sea of Time (1995)",0,0,0,0,0,1,0,0,0,0,0,0,0,0,0,0,0,0,2.7500,1
759,"Fair Game (1995)",1,0,0,0,0,0,0,0,0,0,0,0,0,0,0,0,0,0,2.1818,1
761,"Nick of Time (1995)",1,0,0,0,0,0,0,0,0,0,0,0,0,0,1,0,0,0,3.0455,1
765,"Boomerang (1992)",0,0,0,1,0,0,0,0,0,0,0,0,1,0,0,0,0,0,2.8125,1
768,"Casper (1995)",0,1,0,0,0,0,0,0,0,0,0,0,0,0,0,0,0,0,3.0769,3
769,"Congo (1995)",1,1,0,0,0,0,0,0,0,0,0,1,0,1,0,0,0,0,2.4524,1
770,"Devil in a Blue Dress (1995)",0,0,0,0,1,0,0,0,1,0,0,1,0,0,1,0,0,0,3.3860,1
771,"Johnny Mnemonic (1995)",1,0,0,0,0,0,0,0,0,0,0,0,0,1,1,0,0,0,2.6341,1
772,"Kids (1995)",0,0,0,0,0,0,1,0,0,0,0,0,0,0,0,0,0,0,3.0612,1
773,"Mute Witness (1994)",0,0,0,1,0,0,0,0,0,1,0,0,0,0,1,0,0,0,2.9412,1
774,"Prophecy, The (1995)",0,0,0,0,0,0,0,1,0,1,0,1,0,0,0,0,0,0,2.9375,1
775,"Something to Talk About (1995)",0,0,0,1,0,0,1,0,0,0,0,0,1,0,0,0,0,0,2.7692,1
776,"Three Wishes (1995)",0,0,0,0,0,0,1,1,0,0,0,0,0,0,0,0,0,0,3.2222,1
777,"Castle Freak (1995)",0,0,0,0,0,0,0,0,0,1,0,0,0,0,0,0,0,0,1.2500,1
778,"Don Juan DeMarco (1995)",0,0,0,1,0,0,1,0,0,0,0,0,1,0,0,0,0,0,3.5526,1
779,"Drop Zone (1994)",1,0,0,0,0,0,0,0,0,0,0,0,0,0,1,0,0,0,2.5484,1
781,"French Kiss (1995)",1,0,0,1,0,0,0,0,0,0,0,0,1,0,0,0,0,0,3.3333,5
782,"Little Odessa (1994)",0,0,0,0,1,0,1,0,0,0,0,0,0,0,0,0,0,0,2.6000,1
783,"Milk Money (1994)",0,0,0,1,0,0,0,0,0,0,0,0,1,0,0,0,0,0,2.7297,2
784,"Beyond Bedlam (1993)",0,0,0,0,0,0,1,0,0,1,0,0,0,0,0,0,0,0,1.0000,1
785,"Only You (1994)",0,0,0,1,0,0,0,0,0,0,0,0,1,0,0,0,0,0,3.1538,1
786,"Perez Family, The (1995)",0,0,0,1,0,0,0,0,0,0,0,0,1,0,0,0,0,0,2.6429,1
787,"Roommates (1995)",0,0,0,1,0,0,1,0,0,0,0,0,0,0,0,0,0,0,3.2308,3
789,"Swimming with Sharks (1995)",0,0,0,1,0,0,1,0,0,0,0,0,0,0,0,0,0,0,3.5745,1
790,"Tommy Boy (1995)",0,0,0,1,0,0,0,0,0,0,0,0,0,0,0,0,0,0,2.9091,1
791,"Baby-Sitters Club, The (1995)",0,0,0,0,0,0,0,0,0,0,0,0,0,0,0,0,0,0,2.5000,1
792,"Bullets Over Broadway (1994)",0,0,0,1,0,0,0,0,0,0,0,0,0,0,0,0,0,0,3.7209,5
793,"Crooklyn (1994)",0,0,0,1,0,0,1,0,0,0,0,0,0,0,0,0,0,0,3.5000,1
794,"It Could Happen to You (1994)",0,0,0,1,0,0,1,0,0,0,0,0,1,0,0,0,0,0,3.6522,5
795,"Richie Rich (1994)",0,0,0,1,0,0,0,0,0,0,0,0,0,0,0,0,0,0,2.4286,2
796,"Speechless (1994)",0,0,0,1,0,0,0,0,0,0,0,0,1,0,0,0,0,0,3.0833,3
798,"Bad Company (1995)",1,0,0,0,1,0,1,0,0,0,0,0,0,0,0,0,0,0,2.2222,1
802,"Hard Target (1993)",1,1,0,0,1,0,0,0,0,0,0,0,0,0,1,0,0,0,2.7000,1
806,"Menace II Society (1993)",1,0,0,0,1,0,1,0,0,0,0,0,0,0,0,0,0,0,3.4600,1
807,"Poetic Justice (1993)",0,0,0,0,0,0,1,0,0,0,0,0,0,0,0,0,0,0,2.7778,1
808,"Program, The (1993)",1,0,0,0,0,0,1,0,0,0,0,0,0,0,0,0,0,0,2.8387,1
810,"Shadow, The (1994)",1,1,0,0,0,0,0,1,0,0,0,1,0,0,0,0,0,0,2.8889,1
812,"Andre (1994)",0,1,0,0,0,0,1,0,0,0,0,0,0,0,0,0,0,0,3.1111,1
816,"Candyman: Farewell to the Flesh (1995)",0,0,0,0,0,0,0,1,0,1,0,0,0,0,0,0,0,0,2.4286,1
842,"Pollyanna (1960)",0,0,0,1,0,0,1,0,0,0,0,0,0,0,0,0,0,0,3.1481,5
843,"Shaggy Dog, The (1959)",0,0,0,1,0,0,0,0,0,0,0,0,0,0,0,0,0,0,3.0000,2
849,"Days of Thunder (1990)",1,0,0,0,0,0,1,0,0,0,0,0,1,0,0,0,0,0,2.7170,1
854,"Bad Taste (1987)",0,0,0,1,0,0,0,0,0,1,0,0,0,1,0,0,0,0,3.3750,1
855,"Diva (1981)",1,0,0,0,0,0,1,0,0,0,0,1,1,0,1,0,0,0,3.7273,1
856,"Night on Earth (1991)",0,0,0,1,0,0,1,0,0,0,0,0,0,0,0,0,0,0,3.8333,1
858,"Amityville: Dollhouse (1996)",0,0,0,0,0,0,0,0,0,1,0,0,0,0,0,0,0,0,1.0000,1
859,"April Fool's Day (1986)",0,0,0,0,0,0,0,0,0,1,0,0,0,0,0,0,0,0,2.6667,1
860,"Believers, The (1987)",0,0,0,0,0,0,0,0,0,1,0,0,0,0,1,0,0,0,2.2500,1
877,"Excess Baggage (1997)",0,1,0,0,0,0,0,0,0,0,0,0,1,0,0,0,0,0,2.5385,1
939,"Murder in the First (1995)",0,0,0,0,0,0,1,0,0,0,0,0,0,0,1,0,0,0,3.6000,5
940,"Airheads (1994)",0,0,0,1,0,0,0,0,0,0,0,0,0,0,0,0,0,0,2.3438,1
941,"With Honors (1994)",0,0,0,1,0,0,1,0,0,0,0,0,0,0,0,0,0,0,3.0652,1
943,"Killing Zoe (1994)",0,0,0,0,1,0,1,0,0,0,0,0,0,0,1,0,0,0,3.4750,1
944,"Renaissance Man (1994)",0,0,0,1,0,0,1,0,0,0,0,0,0,0,0,0,0,0,3.0000,3
946,"Fox and the Hound, The (1981)",0,0,1,0,0,0,1,0,0,0,0,0,0,0,0,0,0,0,3.1475,2
947,"Big Blue, The (Grand bleu, Le) (1988)",0,1,0,0,0,0,1,0,0,0,0,0,1,0,0,0,0,0,3.2353,1
949,"How to Make an American Quilt (1995)",0,0,0,0,0,0,1,0,0,0,0,0,1,0,0,0,0,0,3.3380,5
951,"Indian in the Cupboard, The (1995)",0,1,0,0,0,0,0,1,0,0,0,0,0,0,0,0,0,0,2.8205,1
953,"Unstrung Heroes (1995)",0,0,0,1,0,0,1,0,0,0,0,0,0,0,0,0,0,0,3.3182,3
954,"Unzipped (1995)",0,0,0,0,0,1,0,0,0,0,0,0,0,0,0,0,0,0,3.5455,4
955,"Before Sunrise (1995)",0,0,0,0,0,0,1,0,0,0,0,0,1,0,0,0,0,0,3.4082,1
956,"Nobody's Fool (1994)",0,0,0,1,0,0,1,0,0,0,0,0,1,0,0,0,0,0,3.6087,2
958,"To Live (Huozhe) (1994)",0,0,0,0,0,0,1,0,0,0,0,0,0,0,0,0,0,0,3.7857,1
959,"Dazed and Confused (1993)",0,0,0,1,0,0,0,0,0,0,0,0,0,0,0,0,0,0,3.4688,1
960,"Naked (1993)",0,0,0,0,0,0,1,0,0,0,0,0,0,0,0,0,0,0,3.2400,1
964,"Month by the Lake, A (1995)",0,0,0,1,0,0,1,0,0,0,0,0,1,0,0,0,0,0,3.3333,1
969,"Winnie the Pooh and the Blustery Day (1968)",0,0,1,0,0,0,0,0,0,0,1,0,0,0,0,0,0,0,3.8000,3
970,"Hear My Song (1991)",0,0,0,1,0,0,0,0,0,0,0,0,0,0,0,0,0,0,3.2500,1
971,"Mediterraneo (1991)",0,0,0,1,0,0,1,0,0,0,0,0,0,0,0,0,0,0,3.6765,1
972,"Passion Fish (1992)",0,0,0,0,0,0,1,0,0,0,0,0,0,0,0,0,0,0,3.1786,1
996,"Big Green, The (1995)",0,0,0,1,0,0,0,0,0,0,0,0,0,0,0,0,0,0,2.5000,1
997,"Stuart Saves His Family (1995)",0,0,0,1,0,0,0,0,0,0,0,0,0,0,0,0,0,0,2.1250,1
999,"Clean Slate (1994)",0,0,0,1,0,0,0,0,0,0,0,0,0,0,0,0,0,0,2.8000,1
1004,"Geronimo: An American Legend (1993)",0,0,0,0,0,0,1,0,0,0,0,0,0,0,0,0,1,0,3.1111,1
1006,"Until the End of the World (Bis ans Ende der Welt) (1991)",0,1,0,0,0,0,1,0,0,0,0,0,0,1,0,0,0,0,2.8261,1
1029,"Jury Duty (1995)",0,0,0,1,0,0,0,0,0,0,0,0,0,0,0,0,0,0,2.0000,1
1030,"Beverly Hillbillies, The (1993)",0,0,0,1,0,0,0,0,0,0,0,0,0,0,0,0,0,0,2.2500,1
1031,"Lassie (1994)",0,1,0,0,0,0,0,0,0,0,0,0,0,0,0,0,0,0,2.2857,1
1032,"Little Big League (1994)",0,0,0,1,0,0,1,0,0,0,0,0,0,0,0,0,0,0,2.8750,1
1035,"Cool Runnings (1993)",0,0,0,1,0,0,0,0,0,0,0,0,0,0,0,0,0,0,3.1618,1
1036,"Drop Dead Fred (1991)",0,0,0,1,0,0,0,1,0,0,0,0,0,0,0,0,0,0,2.7500,1
1037,"Grease 2 (1982)",0,0,0,1,0,0,0,0,0,0,1,0,1,0,0,0,0,0,2.0000,3
1041,"Forget Paris (1995)",0,0,0,1,0,0,0,0,0,0,0,0,1,0,0,0,0,0,3.1935,5
1042,"Just Cause (1995)",0,0,0,0,0,0,0,0,0,0,0,1,0,0,1,0,0,0,3.1429,1
1044,"Paper, The (1994)",0,0,0,1,0,0,1,0,0,0,0,0,0,0,0,0,0,0,3.2250,4
1045,"Fearless (1993)",0,0,0,0,0,0,1,0,0,0,0,0,0,0,0,0,0,0,3.2400,3
1046,"Malice (1993)",0,0,0,0,0,0,0,0,0,0,0,0,0,0,1,0,0,0,3.1739,2
1053,"Now and Then (1995)",0,0,0,0,0,0,1,0,0,0,0,0,0,0,0,0,0,0,3.4583,5
1055,"Simple Twist of Fate, A (1994)",0,0,0,0,0,0,1,0,0,0,0,0,0,0,0,0,0,0,3.2000,3
1058,"War, The (1994)",0,1,0,0,0,0,1,0,0,0,0,0,0,0,0,1,0,0,3.2667,1
1063,"Little Princess, A (1995)",0,0,0,0,0,0,1,0,0,0,0,0,0,0,0,0,0,0,3.6585,5
1066,"Balto (1995)",0,1,1,0,0,0,0,0,0,0,0,0,0,0,0,0,0,0,3.0000,1
1069,"Amateur (1994)",0,0,0,0,1,0,1,0,0,0,0,0,0,0,1,0,0,0,3.1667,1
1070,"Living in Oblivion (1995)",0,0,0,1,0,0,0,0,0,0,0,0,0,0,0,0,0,0,3.7407,1
1072,"Pyromaniac's Love Story, A (1995)",0,0,0,1,0,0,0,0,0,0,0,0,1,0,0,0,0,0,2.4286,1
1073,"Shallow Grave (1994)",0,0,0,1,0,0,1,0,0,0,0,0,0,0,1,0,0,0,3.8182,1
1074,"Reality Bites (1994)",0,0,0,1,0,0,1,0,0,0,0,0,1,0,0,0,0,0,2.9610,3
1076,"Pagemaster, The (1994)",1,1,1,0,0,0,0,1,0,0,0,0,0,0,0,0,0,0,2.2500,2
1078,"Oliver & Company (1988)",0,1,1,1,0,0,0,0,0,0,1,0,0,0,0,0,0,0,2.7727,1
1090,"Sliver (1993)",0,0,0,0,0,0,0,0,0,0,0,0,0,0,1,0,0,0,2.4054,1
1091,"Pete's Dragon (1977)",0,1,1,0,0,0,0,0,0,0,1,0,0,0,0,0,0,0,2.7209,1
1100,"What Happened Was... (1994)",0,0,0,1,0,0,1,0,0,0,0,0,1,0,1,0,0,0,2.6250,1
1101,"Six Degrees of Separation (1993)",0,0,0,0,0,0,1,0,0,0,0,0,0,0,0,0,0,0,3.7703,3
1103,"Trust (1990)",0,0,0,1,0,0,1,0,0,0,0,0,1,0,0,0,0,0,3.7895,2
1107,"Beyond Rangoon (1995)",0,1,0,0,0,0,1,0,0,0,0,0,0,0,0,1,0,0,3.0556,1
1108,"Feast of July (1995)",0,0,0,0,0,0,1,0,0,0,0,0,0,0,0,0,0,0,2.4000,1
1109,"Death and the Maiden (1994)",0,0,0,0,0,0,1,0,0,0,0,0,0,0,1,0,0,0,3.4286,1
1110,"Tank Girl (1995)",1,0,0,1,0,0,0,0,0,0,0,0,0,1,0,0,0,0,2.8537,1
1111,"Double Happiness (1994)",0,0,0,0,0,0,1,0,0,0,0,0,0,0,0,0,0,0,3.4286,1
1112,"Cobb (1994)",0,0,0,0,0,0,1,0,0,0,0,0,0,0,0,0,0,0,2.8000,2
1113,"Mrs. Parker and the Vicious Circle (1994)",0,0,0,0,0,0,1,0,0,0,0,0,0,0,0,0,0,0,3.2727,1
1119,"Some Kind of Wonderful (1987)",0,0,0,0,0,0,1,0,0,0,0,0,1,0,0,0,0,0,3.6610,3
1139,"Hackers (1995)",1,1,0,0,1,0,0,0,0,0,0,0,0,0,1,0,0,0,2.6061,1
1147,"My Family (1995)",0,0,0,0,0,0,1,0,0,0,0,0,0,0,0,0,0,0,3.6667,2
1148,"Tom & Viv (1994)",0,0,0,0,0,0,1,0,0,0,0,0,0,0,0,0,0,0,3.3333,1
1159,"Stalker (1979)",0,0,0,0,0,0,1,0,0,0,0,1,0,1,0,0,0,0,3.5455,1
1166,"Love & Human Remains (1993)",0,0,0,1,0,0,1,0,0,0,0,0,0,0,0,0,0,0,3.1667,1
1167,"Sum of Us, The (1994)",0,0,0,1,0,0,1,0,0,0,0,0,0,0,0,0,0,0,3.5455,1
1168,"Little Buddha (1993)",0,0,0,0,0,0,1,0,0,0,0,0,0,0,0,0,0,0,3.3182,1
1176,"Welcome to Sarajevo (1997)",0,0,0,0,0,0,1,0,0,0,0,0,0,0,0,1,0,0,3.3636,3
1177,"Dunston Checks In (1996)",0,0,0,1,0,0,0,0,0,0,0,0,0,0,0,0,0,0,1.8571,1
1179,"Man of the House (1995)",0,0,0,1,0,0,0,0,0,0,0,0,0,0,0,0,0,0,2.1111,1
1180,"I Love Trouble (1994)",1,0,0,1,0,0,0,0,0,0,0,0,0,0,0,0,0,0,2.5000,1
1182,"Cops and Robbersons (1994)",0,0,0,1,0,0,0,0,0,0,0,0,0,0,0,0,0,0,2.3077,1
1184,"Endless Summer 2, The (1994)",0,1,0,0,0,1,0,0,0,0,0,0,0,0,0,0,0,0,2.5000,1
1188,"Young Guns II (1990)",1,0,0,0,0,0,0,0,0,0,0,0,0,0,0,0,1,0,2.7727,3
1193,"Before the Rain (Pred dozhdot) (1994)",0,0,0,0,0,0,1,0,0,0,0,0,0,0,0,1,0,0,3.8000,1
1194,"Once Were Warriors (1994)",0,0,0,0,1,0,1,0,0,0,0,0,0,0,0,0,0,0,4.0645,1
1195,"Strawberry and Chocolate (Fresa y chocolate) (1993)",0,0,0,0,0,0,1,0,0,0,0,0,0,0,0,0,0,0,3.2727,1
1200,"Kim (1950)",0,0,0,0,0,0,1,0,0,0,0,0,0,0,0,0,0,0,3.2857,1
1206,"Amos & Andrew (1993)",0,0,0,1,0,0,0,0,0,0,0,0,0,0,0,0,0,0,2.6842,1
1207,"Jade (1995)",0,0,0,0,0,0,0,0,0,0,0,0,0,0,1,0,0,0,2.2941,1
1208,"Kiss of Death (1995)",0,0,0,0,1,0,1,0,0,0,0,0,0,0,1,0,0,0,2.8500,1
1209,"Mixed Nuts (1994)",0,0,0,1,0,0,0,0,0,0,0,0,0,0,0,0,0,0,2.5333,3
1210,"Virtuosity (1995)",1,0,0,0,0,0,0,0,0,0,0,0,0,1,1,0,0,0,2.7368,1
1217,"Assassins (1995)",1,0,0,0,1,0,0,0,0,0,0,0,0,0,1,0,0,0,2.8718,3
1218,"Friday (1995)",0,0,0,1,0,0,0,0,0,0,0,0,0,0,0,0,0,0,3.4615,5
1219,"Goofy Movie, A (1995)",0,0,1,1,0,0,0,0,0,0,0,0,1,0,0,0,0,0,2.9000,1
1220,"Higher Learning (1995)",0,0,0,0,0,0,1,0,0,0,0,0,0,0,0,0,0,0,3.3333,3
1221,"When a Man Loves a Woman (1994)",0,0,0,0,0,0,1,0,0,0,0,0,1,0,0,0,0,0,3.4872,1
1222,"Judgment Night (1993)",1,0,0,0,1,0,0,0,0,0,0,0,0,0,1,0,0,0,2.6800,1
1224,"Scout, The (1994)",0,0,0,1,0,0,1,0,0,0,0,0,0,0,0,0,0,0,2.6667,1
1225,"Angus (1995)",0,0,0,1,0,0,0,0,0,0,0,0,0,0,0,0,0,0,2.6429,1
1227,"Awfully Big Adventure, An (1995)",0,0,0,0,0,0,1,0,0,0,0,0,0,0,0,0,0,0,2.3750,3
1228,"Under Siege 2: Dark Territory (1995)",1,0,0,0,0,0,0,0,0,0,0,0,0,0,0,0,0,0,2.4583,1
1230,"Ready to Wear (Pret-A-Porter) (1994)",0,0,0,1,0,0,0,0,0,0,0,0,0,0,0,0,0,0,1.8333,1
1231,"Marked for Death (1990)",1,0,0,0,0,0,1,0,0,0,0,0,0,0,0,0,0,0,2.5000,1
1232,"Madonna: Truth or Dare (1991)",0,0,0,0,0,1,0,0,0,0,1,0,0,0,0,0,0,0,2.4706,1
1239,"Cutthroat Island (1995)",1,1,0,0,0,0,0,0,0,0,0,0,1,0,0,0,0,0,2.4444,1
1247,"Bad Girls (1994)",0,0,0,0,0,0,0,0,0,0,0,0,0,0,0,0,1,0,1.8333,1
1248,"Blink (1994)",0,0,0,0,0,0,0,0,0,0,0,0,0,0,1,0,0,0,3.0000,1
1249,"For Love or Money (1993)",0,0,0,1,0,0,0,0,0,0,0,0,1,0,0,0,0,0,2.8333,1
1253,"Tie That Binds, The (1995)",0,0,0,0,0,0,0,0,0,0,0,0,0,0,1,0,0,0,2.4286,1
1260,"Total Eclipse (1995)",0,0,0,0,0,0,1,0,0,0,0,0,1,0,0,0,0,0,2.7500,1
1261,"Run of the Country, The (1995)",0,0,0,0,0,0,1,0,0,0,0,0,0,0,0,0,0,0,3.2500,1
1265,"Star Maps (1997)",0,0,0,0,0,0,1,0,0,0,0,0,0,0,0,0,0,0,3.0526,2
1266,"Bread and Chocolate (Pane e cioccolata) (1973)",0,0,0,1,0,0,1,0,0,0,0,0,0,0,0,0,0,0,3.1667,1
1267,"Clockers (1995)",0,0,0,0,1,0,1,0,0,0,0,1,0,0,0,0,0,0,3.0000,1
1268,"Bitter Moon (1992)",0,0,0,0,0,0,1,0,1,0,0,0,1,0,0,0,0,0,3.3000,1
1271,"North (1994)",0,0,0,1,0,0,0,0,0,0,0,0,0,0,0,0,0,0,2.7143,2
1274,"RoboCop 3 (1993)",1,0,0,0,1,0,1,0,0,0,0,0,0,1,1,0,0,0,1.7273,1
1275,"Killer (Bulletproof Heart) (1994)",0,0,0,0,0,0,1,0,0,0,0,0,0,0,1,0,0,0,2.5000,1
1290,"Country Life (1994)",0,0,0,0,0,0,1,0,0,0,0,0,1,0,0,0,0,0,1.5000,2
1297,"Love Affair (1994)",0,0,0,0,0,0,1,0,0,0,0,0,1,0,0,0,0,0,2.8333,1
1305,"National Lampoon's Senior Trip (1995)",0,0,0,1,0,0,0,0,0,0,0,0,0,0,0,0,0,0,2.4286,1
1307,"Carmen Miranda: Bananas Is My Business (1994)",0,0,0,0,0,1,0,0,0,0,0,0,0,0,0,0,0,0,1.5000,1
1311,"Waiting to Exhale (1995)",0,0,0,1,0,0,1,0,0,0,0,0,1,0,0,0,0,0,2.5000,1
1316,"Horse Whisperer, The (1998)",0,0,0,0,0,0,1,0,0,0,0,0,1,0,0,0,0,0,2.7143,1
1338,"Two Deaths (1995)",0,0,0,0,0,0,1,0,0,0,0,0,0,0,0,0,0,0,2.2500,1
1407,"Specialist, The (1994)",1,0,0,0,0,0,1,0,0,0,0,0,0,0,1,0,0,0,2.2500,1
1408,"Gordy (1995)",0,0,0,1,0,0,0,1,0,0,0,0,0,0,0,0,0,0,1.0000,1
1409,"Swan Princess, The (1994)",0,0,1,0,0,0,0,0,0,0,0,0,0,0,0,0,0,0,2.8571,1
1415,"Next Karate Kid, The (1994)",1,0,0,0,0,0,0,0,0,0,0,0,1,0,0,0,0,0,2.4444,1
1421,"My Crazy Life (Mi vida loca) (1993)",0,0,0,0,0,0,1,0,0,0,0,0,0,0,0,0,0,0,3.1818,1
1422,"Suture (1993)",0,0,0,0,0,0,0,0,1,0,0,0,0,0,1,0,0,0,2.2500,1
1423,"Walking Dead, The (1995)",0,0,0,0,0,0,1,0,0,0,0,0,0,0,0,1,0,0,2.2500,1
1425,"I'll Do Anything (1994)",0,0,0,1,0,0,1,0,0,0,0,0,0,0,0,0,0,0,2.6000,1
1429,"Sliding Doors (1998)",0,0,0,0,0,0,1,0,0,0,0,0,1,0,0,0,0,0,2.7500,1
1432,"Mighty, The (1998)",0,0,0,0,0,0,1,0,0,0,0,0,0,0,0,0,0,0,1.0000,1
1434,"Shooting Fish (1997)",0,0,0,1,0,0,0,0,0,0,0,0,1,0,0,0,0,0,2.5000,1
1435,"Steal Big, Steal Little (1995)",0,0,0,1,0,0,0,0,0,0,0,0,0,0,0,0,0,0,2.5714,1
1437,"House Party 3 (1994)",0,0,0,1,0,0,0,0,0,0,0,0,0,0,0,0,0,0,2.0000,1
1439,"Jason's Lyric (1994)",0,0,0,0,1,0,1,0,0,0,0,0,0,0,0,0,0,0,3.0000,1
1442,"Scarlet Letter, The (1995)",0,0,0,0,0,0,1,0,0,0,0,0,1,0,0,0,0,0,2.4000,1
1444,"That Darn Cat! (1965)",0,0,0,1,0,0,0,0,0,0,0,1,0,0,0,0,0,0,2.4737,2
1445,"Ladybird Ladybird (1994)",0,0,0,0,0,0,1,0,0,0,0,0,0,0,0,0,0,0,2.7500,1
1468,"Cure, The (1995)",0,0,0,0,0,0,1,0,0,0,0,0,0,0,0,0,0,0,3.3333,1
1469,"Tom and Huck (1995)",0,1,0,0,0,0,0,0,0,0,0,0,0,0,0,0,0,0,3.1667,1
1470,"Gumby: The Movie (1995)",0,0,1,0,0,0,0,0,0,0,0,0,0,0,0,0,0,0,2.6000,2
1471,"Hideaway (1995)",0,0,0,0,0,0,0,0,0,0,0,0,0,0,1,0,0,0,2.4444,1
1474,"Nina Takes a Lover (1994)",0,0,0,1,0,0,0,0,0,0,0,0,1,0,0,0,0,0,2.8333,1
1475,"Bhaji on the Beach (1993)",0,0,0,1,0,0,1,0,0,0,0,0,0,0,0,0,0,0,2.8750,1
1478,"Dead Presidents (1995)",1,0,0,0,1,0,1,0,0,0,0,0,0,0,0,0,0,0,2.7222,1
1479,"Reckless (1995)",0,0,0,1,0,0,0,1,0,0,0,0,0,0,0,0,0,0,2.7500,1
1480,"Herbie Rides Again (1974)",0,0,0,1,0,0,0,1,0,0,0,0,1,0,0,0,0,0,2.2727,2
1487,"Even Cowgirls Get the Blues (1993)",0,0,0,1,0,0,0,0,0,0,0,0,1,0,0,0,0,0,2.0000,1
1488,"Germinal (1993)",0,0,0,0,0,0,1,0,0,0,0,0,1,0,0,0,0,0,3.0000,1
1503,"Gold Diggers: The Secret of Bear Mountain (1995)",0,1,0,0,0,0,0,0,0,0,0,0,0,0,0,0,0,0,3.1000,1
1509,"Getting Even with Dad (1994)",0,0,0,1,0,0,0,0,0,0,0,0,0,0,0,0,0,0,1.6000,1
1518,"Losing Isaiah (1995)",0,0,0,0,0,0,1,0,0,0,0,0,0,0,0,0,0,0,3.0000,2
1519,"New Jersey Drive (1995)",0,0,0,0,1,0,1,0,0,0,0,0,0,0,0,0,0,0,3.0000,2
1522,"Trial by Jury (1994)",0,0,0,0,1,0,1,0,0,0,0,0,0,0,1,0,0,0,2.4286,1
1529,"Underground (1995)",0,0,0,1,0,0,1,0,0,0,0,0,0,0,0,1,0,0,2.8000,1
1530,"Jefferson in Paris (1995)",0,0,0,0,0,0,1,0,0,0,0,0,0,0,0,0,0,0,2.0000,1
1531,"Far From Home: The Adventures of Yellow Dog (1995)",0,1,0,0,0,0,0,0,0,0,0,0,0,0,0,0,0,0,3.2857,1
1535,"Enfer, L' (1994)",0,0,0,0,0,0,1,0,0,0,0,0,0,0,0,0,0,0,3.0000,1
1539,"Being Human (1993)",0,0,0,0,0,0,1,0,0,0,0,0,0,0,0,0,0,0,1.7500,1
1540,"Amazing Panda Adventure, The (1995)",0,1,0,0,0,0,0,0,0,0,0,0,0,0,0,0,0,0,2.8000,2
1544,"It Takes Two (1995)",0,0,0,1,0,0,0,0,0,0,0,0,0,0,0,0,0,0,2.6667,1
1545,"Frankie Starlight (1995)",0,0,0,0,0,0,1,0,0,0,0,0,1,0,0,0,0,0,2.5000,2
1550,"Destiny Turns on the Radio (1995)",0,0,0,1,0,0,0,0,0,0,0,0,0,0,0,0,0,0,3.0000,3
1552,"Hunted, The (1995)",1,0,0,0,0,0,0,0,0,0,0,0,0,0,0,0,0,0,2.0000,1
1554,"Safe Passage (1994)",0,0,0,0,0,0,1,0,0,0,0,0,0,0,0,0,0,0,3.0000,4
1555,"Secret Adventures of Tom Thumb, The (1993)",0,1,1,0,0,0,0,0,0,0,0,0,0,0,0,0,0,0,2.6000,1
1577,"Death in the Garden (Mort en ce jardin, La) (1956)",0,0,0,0,0,0,1,0,0,0,0,0,0,0,0,0,0,0,1.0000,1
1582,"T-Men (1947)",0,0,0,0,0,0,0,0,1,0,0,0,0,0,0,0,0,0,1.0000,1
1585,"American Dream (1990)",0,0,0,0,0,1,0,0,0,0,0,0,0,0,0,0,0,0,2.5000,1
1589,"Schizopolis (1996)",0,0,0,1,0,0,0,0,0,0,0,0,0,0,0,0,0,0,3.0000,1
