itemID,title,Action,Adventure,Animation,Comedy,Crime,Documentary,Drama,Fantasy,Film_Noir,Horror,Musical,Mystery,Romance,Sci_Fi,Thriller,War,Western,No_Genre,avg_rating,X537,X201,X592,X293,X12,X90,X59,X308,X474,X450,X378,X234,X429,X416,X303,X327,X184,X334,X85,X276,user_655_rating
670,"Body Snatchers (1993)",0,0,0,0,0,0,0,0,0,1,0,0,0,1,1,0,0,0,3.0000,2,4,0,0,0,0,4,0,0,0,0,0,0,0,2,0,0,0,0,0,3
1370,"I Can't Sleep (J'ai pas sommeil) (1994)",0,0,0,0,0,0,1,0,0,0,0,0,0,0,1,0,0,0,2.6667,0,0,0,0,0,0,0,0,0,0,0,0,0,0,0,0,0,0,0,0,3
1256,"Designated Mourner, The (1997)",0,0,0,0,0,0,1,0,0,0,0,0,0,0,0,0,0,0,2.0000,0,0,0,0,0,0,0,0,0,0,0,0,0,0,0,0,0,0,0,0,3
164,"Abyss, The (1989)",1,1,0,0,0,0,0,0,0,0,0,0,0,1,1,0,0,0,3.5894,0,3,0,4,0,0,0,4,0,4,4,3,4,5,4,3,3,3,0,4,2
1436,"Mr. Jones (1993)",0,0,0,0,0,0,1,0,0,0,0,0,1,0,0,0,0,0,2.5000,0,0,0,0,0,0,0,0,0,0,0,0,0,0,0,0,0,0,0,0,2
732,"Dave (1993)",0,0,0,1,0,0,0,0,0,0,0,0,1,0,0,0,0,0,3.6500,3,0,0,3,0,5,3,4,0,3,4,2,4,5,0,1,0,0,3,4,3
111,"Truth About Cats & Dogs, The (1996)",0,0,0,1,0,0,0,0,0,0,0,0,1,0,0,0,0,0,3.4853,3,0,0,2,0,0,4,0,4,4,3,3,2,4,3,4,0,3,0,0,2
464,"Vanya on 42nd Street (1994)",0,0,0,0,0,0,1,0,0,0,0,0,0,0,0,0,0,0,3.5926,4,1,0,3,0,5,0,0,0,0,0,4,3,0,0,4,0,0,5,0,3
750,"Amistad (1997)",0,0,0,0,0,0,1,0,0,0,0,1,0,0,0,0,0,0,3.8548,3,3,5,0,0,4,0,0,0,3,0,0,0,5,0,0,0,0,0,4,2
786,"Perez Family, The (1995)",0,0,0,1,0,0,0,0,0,0,0,0,1,0,0,0,0,0,2.6429,0,0,0,0,0,0,0,0,0,0,0,0,2,0,0,0,0,0,0,3,2
281,"River Wild, The (1994)",1,0,0,0,0,0,0,0,0,0,0,0,0,0,1,0,0,0,3.1438,1,2,4,0,0,0,0,0,0,4,3,0,3,5,3,3,0,0,3,3,2
268,"Chasing Amy (1997)",0,0,0,1,0,0,1,0,0,0,0,0,1,0,0,0,0,0,3.7922,4,4,5,0,0,4,0,0,0,0,0,2,0,4,5,4,0,4,4,4,3
129,"Bound (1996)",0,0,0,0,1,0,1,0,0,0,0,0,1,0,1,0,0,0,3.8217,3,4,5,3,0,0,5,5,0,0,0,0,4,0,5,4,0,4,0,0,3
1063,"Little Princess, A (1995)",0,0,0,0,0,0,1,0,0,0,0,0,0,0,0,0,0,0,3.6585,0,3,0,0,0,0,0,0,5,0,4,3,0,0,0,0,0,0,0,0,3
96,"Terminator 2: Judgment Day (1991)",1,0,0,0,0,0,0,0,0,0,0,0,0,1,0,0,0,0,4.0068,3,4,5,3,4,4,5,4,4,4,4,2,4,4,5,2,0,0,0,5,3
658,"Pump Up the Volume (1990)",0,0,0,1,0,0,1,0,0,0,0,0,0,0,0,0,0,0,3.4177,0,3,0,1,0,0,4,0,0,0,0,0,3,5,5,2,0,3,3,4,3
831,"Escape from L.A. (1996)",1,1,0,0,0,0,0,0,0,0,0,0,0,1,1,0,0,0,2.4615,0,0,0,3,0,0,0,0,0,0,0,0,0,0,4,0,0,0,0,3,2
692,"American President, The (1995)",0,0,0,1,0,0,1,0,0,0,0,0,1,0,0,0,0,0,3.6280,0,3,0,0,0,4,3,3,4,4,4,3,3,5,4,0,4,0,3,4,3
962,"Ruby in Paradise (1993)",0,0,0,0,0,0,1,0,0,0,0,0,0,0,0,0,0,0,3.1304,0,4,0,0,0,2,0,4,0,0,0,0,0,0,0,3,0,0,0,0,5
100,"Fargo (1996)",0,0,0,1,1,0,1,0,0,0,0,0,0,0,1,0,0,0,4.1555,4,4,5,4,0,5,5,5,5,4,4,4,5,5,5,4,5,5,3,5,3
1266,"Bread and Chocolate (Pane e cioccolata) (1973)",0,0,0,1,0,0,1,0,0,0,0,0,0,0,0,0,0,0,3.1667,0,0,0,0,0,0,0,0,0,0,0,0,0,0,0,0,0,0,0,0,3
347,"Wag the Dog (1997)",0,0,0,1,0,0,0,0,0,0,0,0,0,0,0,0,0,0,3.5109,4,0,4,2,0,4,0,0,0,4,0,0,0,4,0,0,0,3,0,4,3
1426,"Grace of My Heart (1996)",0,0,0,1,0,0,1,0,0,0,0,0,0,0,0,0,0,0,3.2500,0,2,0,0,0,0,0,0,0,0,0,0,0,5,2,0,0,4,0,0,2
212,"Unbearable Lightness of Being, The (1988)",0,0,0,0,0,0,1,0,0,0,0,0,0,0,0,0,0,0,3.4565,3,4,0,0,0,4,4,0,4,0,0,2,0,0,0,0,4,0,2,0,3
746,"Real Genius (1985)",0,0,0,1,0,0,0,0,0,0,0,0,0,0,0,0,0,0,3.6639,3,0,0,3,0,0,5,4,0,0,0,2,3,5,4,3,0,3,0,4,3
250,"Fifth Element, The (1997)",1,1,0,1,0,0,0,0,0,0,0,0,0,1,0,0,0,0,3.4772,0,0,4,3,0,0,0,0,0,0,0,0,2,4,4,2,4,3,3,4,3
56,"Pulp Fiction (1994)",0,0,0,1,1,0,1,0,0,0,0,0,0,0,1,0,0,0,4.0609,5,5,5,4,0,5,5,5,5,4,4,3,4,5,5,2,3,4,4,5,3
845,"That Thing You Do! (1996)",0,0,0,1,0,0,1,0,0,0,0,0,0,0,0,0,0,0,3.4659,2,0,4,2,0,0,5,0,0,4,3,3,4,4,4,3,3,2,3,4,2
536,"Ponette (1996)",0,0,0,0,0,0,1,0,0,0,0,0,0,0,0,0,0,0,3.3000,0,0,0,0,0,0,0,0,0,0,0,0,0,0,0,0,0,0,0,0,3
673,"Cape Fear (1962)",0,0,0,0,1,0,1,0,0,0,0,0,0,0,1,0,0,0,3.5233,3,3,0,0,0,0,5,4,0,3,0,4,3,0,4,0,0,0,0,0,3
125,"Phenomenon (1996)",0,0,0,0,0,0,1,0,0,0,0,0,1,0,0,0,0,0,3.5574,0,2,2,2,0,0,3,0,0,4,2,3,0,5,2,0,0,3,0,4,2
1311,"Waiting to Exhale (1995)",0,0,0,1,0,0,1,0,0,0,0,0,1,0,0,0,0,0,2.5000,0,0,0,3,0,0,0,0,0,4,4,0,0,0,0,0,0,0,0,0,3
1196,"Savage Nights (Nuits fauves, Les) (1992)",0,0,0,0,0,0,1,0,0,0,0,0,0,0,0,0,0,0,3.0000,0,0,0,0,0,4,0,0,0,0,0,0,0,0,0,0,0,0,0,0,3
27,"Bad Boys (1995)",1,0,0,1,1,0,1,0,0,0,0,0,0,0,1,0,0,0,3.1053,0,3,0,3,0,0,0,0,0,0,0,0,0,4,0,0,0,0,4,3,3
1208,"Kiss of Death (1995)",0,0,0,0,1,0,1,0,0,0,0,0,0,0,1,0,0,0,2.8500,0,4,0,3,0,0,0,0,0,3,0,0,0,0,0,0,0,0,0,3,3
236,"Citizen Ruth (1996)",0,0,0,1,0,0,1,0,0,0,0,0,0,0,0,0,0,0,3.6222,3,0,3,0,0,0,0,0,0,0,0,3,0,0,4,0,0,4,0,0,3
124,"Lone Star (1996)",0,0,0,0,0,0,1,0,0,0,0,1,0,0,0,0,1,0,4.0535,4,3,5,4,0,0,0,4,5,0,0,4,4,4,4,0,5,5,5,5,3
1174,"Caught (1996)",0,0,0,0,0,0,1,0,0,0,0,0,0,0,1,0,0,0,3.2500,0,5,0,0,0,0,0,0,0,0,0,0,0,0,0,0,0,0,3,0,3
273,"Heat (1995)",1,0,0,0,1,0,0,0,0,0,0,0,0,0,1,0,0,0,3.5695,3,2,5,4,0,3,2,2,0,3,4,3,4,4,3,2,0,0,0,4,4
744,"Michael Collins (1996)",0,0,0,0,0,0,1,0,0,0,0,0,0,0,0,0,0,0,3.4565,3,0,3,0,0,0,0,0,3,0,3,0,4,0,3,0,0,3,0,0,2
6,"Shanghai Triad (Yao a yao yao dao waipo qiao) (1995)",0,0,0,0,1,0,1,0,0,0,0,0,0,0,0,0,0,0,3.5769,2,0,0,0,0,4,0,0,0,0,0,0,0,0,0,0,0,0,0,0,4
900,"Kundun (1997)",0,0,0,0,0,0,1,0,0,0,0,0,0,0,0,0,0,0,3.6905,0,0,4,0,0,4,4,0,0,5,0,0,0,0,0,0,0,0,0,0,3
979,"Trigger Effect, The (1996)",0,0,0,0,0,0,1,0,0,0,0,0,0,0,1,0,0,0,3.2000,2,2,0,0,0,0,0,0,0,0,3,0,0,0,4,0,0,0,0,0,3
326,"G.I. Jane (1997)",1,0,0,0,0,0,1,0,0,0,0,0,0,0,0,0,0,0,3.3600,0,2,4,0,0,0,0,0,3,0,3,0,0,5,2,0,0,1,0,0,2
1141,"War Room, The (1993)",0,0,0,0,0,1,0,0,0,0,0,0,0,0,0,0,0,0,3.3333,0,0,0,0,0,0,0,0,0,0,0,0,0,0,0,3,0,0,0,3,3
1651,"Spanish Prisoner, The (1997)",0,0,0,0,1,0,1,0,0,0,0,1,0,0,1,0,0,0,4.0000,0,0,0,0,0,0,0,0,0,0,0,0,0,0,0,0,0,0,0,0,4
122,"Cable Guy, The (1996)",0,0,0,1,0,0,0,0,0,0,0,0,0,0,1,0,0,0,2.3396,0,0,4,3,0,0,0,4,0,0,0,0,0,3,4,0,0,0,0,3,2
411,"Nutty Professor, The (1996)",0,0,0,1,0,0,0,1,0,0,0,0,1,1,0,0,0,0,2.9141,0,0,2,2,0,0,0,4,2,0,3,0,3,3,4,3,3,0,0,4,3
126,"Spitfire Grill, The (1996)",0,0,0,0,0,0,1,0,0,0,0,0,0,0,0,0,0,0,3.8041,0,0,0,0,0,2,5,0,4,5,4,0,0,5,0,0,3,0,0,0,2
1379,"Love and Other Catastrophes (1996)",0,0,0,0,0,0,0,0,0,0,0,0,1,0,0,0,0,0,2.8571,0,0,0,0,0,0,0,0,0,0,0,0,0,0,0,0,0,0,0,0,3
1044,"Paper, The (1994)",0,0,0,1,0,0,1,0,0,0,0,0,0,0,0,0,0,0,3.2250,0,0,0,2,0,0,0,0,0,4,3,2,0,0,3,0,0,0,0,3,3
899,"Winter Guest, The (1997)",0,0,0,0,0,0,1,0,0,0,0,0,0,0,0,0,0,0,3.4444,0,0,0,0,0,0,0,0,0,0,0,0,0,0,0,0,0,4,0,0,2
902,"Big Lebowski, The (1998)",0,0,0,1,1,0,0,0,0,0,0,0,0,0,0,0,0,0,3.8333,0,0,0,0,0,0,0,0,0,4,0,0,0,0,0,0,0,4,0,4,2
794,"It Could Happen to You (1994)",0,0,0,1,0,0,1,0,0,0,0,0,1,0,0,0,0,0,3.6522,0,0,0,0,0,0,0,0,0,5,0,0,3,5,0,0,0,0,0,2,1
162,"On Golden Pond (1981)",0,0,0,0,0,0,1,0,0,0,0,0,0,0,0,0,0,0,3.5566,0,0,0,3,0,5,0,4,0,5,4,3,4,0,0,0,0,0,2,0,3
282,"Time to Kill, A (1996)",0,0,0,0,0,0,1,0,0,0,0,0,0,0,1,0,0,0,3.6853,0,2,4,2,5,0,0,0,4,5,4,0,3,5,3,0,0,4,3,4,3
1061,"Evening Star, The (1996)",0,0,0,1,0,0,1,0,0,0,0,0,0,0,0,0,0,0,2.9310,0,0,0,0,0,0,0,0,0,4,2,0,0,0,0,0,3,0,0,0,2
203,"Unforgiven (1992)",0,0,0,0,0,0,1,0,0,0,0,0,0,0,0,0,1,0,3.8681,4,5,5,3,3,5,4,5,5,4,4,0,5,3,5,3,3,4,5,4,3
653,"Touch of Evil (1958)",0,0,0,0,1,0,0,0,1,0,0,0,0,0,1,0,0,0,3.9118,4,0,0,5,0,0,0,5,4,0,0,3,0,0,4,0,0,0,0,5,3
483,"Casablanca (1942)",0,0,0,0,0,0,1,0,0,0,0,0,1,0,0,0,0,0,4.4568,4,3,5,5,0,5,5,3,5,3,0,5,5,0,5,0,5,5,5,0,4
279,"Once Upon a Time... When We Were Colored (1995)",0,0,0,0,0,0,1,0,0,0,0,0,1,0,0,0,0,0,3.2857,2,0,0,0,0,0,0,0,0,0,0,3,0,0,0,0,0,0,0,0,3
1186,"Inkwell, The (1994)",0,0,0,1,0,0,1,0,0,0,0,0,0,0,0,0,0,0,3.3333,0,0,0,0,0,0,0,0,0,0,0,4,0,0,0,0,0,0,0,0,3
1041,"Forget Paris (1995)",0,0,0,1,0,0,0,0,0,0,0,0,1,0,0,0,0,0,3.1935,0,0,0,2,0,0,0,0,0,4,0,0,0,3,2,0,0,3,0,0,3
367,"Clueless (1995)",0,0,0,1,0,0,0,0,0,0,0,0,1,0,0,0,0,0,3.4588,0,0,4,2,0,4,4,4,0,3,3,4,3,5,4,4,0,0,0,3,3
1014,"Romy and Michele's High School Reunion (1997)",0,0,0,1,0,0,0,0,0,0,0,0,0,0,0,0,0,0,3.0612,0,0,4,0,0,0,0,0,3,0,0,0,3,3,3,0,2,2,0,0,3
660,"Fried Green Tomatoes (1991)",0,0,0,1,1,0,1,0,0,0,0,0,0,0,0,0,0,0,3.7647,3,3,0,2,0,4,4,3,5,4,4,4,0,5,0,0,3,0,4,0,2
13,"Mighty Aphrodite (1995)",0,0,0,1,0,0,1,0,0,0,0,0,1,0,0,0,0,0,3.4185,4,0,5,0,0,0,5,0,5,3,3,3,0,5,4,2,3,3,3,0,3
896,"Sweet Hereafter, The (1997)",0,0,0,0,0,0,1,0,0,0,0,0,0,0,0,0,0,0,3.7727,3,3,0,0,0,3,0,0,0,0,4,0,0,0,0,5,0,5,0,0,4
1085,"Carried Away (1996)",0,0,0,0,0,0,1,0,0,0,0,0,1,0,0,0,0,0,3.0000,4,0,3,0,0,0,0,0,0,0,0,0,0,0,0,0,0,0,0,0,2
591,"Primal Fear (1996)",0,0,0,0,1,0,1,0,0,0,0,1,0,0,1,0,0,0,3.6011,3,3,4,3,5,0,4,3,3,4,4,3,3,5,4,0,3,4,0,3,3
1465,"Last Summer in the Hamptons (1995)",0,0,0,1,0,0,1,0,0,0,0,0,0,0,0,0,0,0,2.3333,0,0,0,0,0,0,0,0,0,0,0,0,0,0,0,0,0,0,0,0,2
1074,"Reality Bites (1994)",0,0,0,1,0,0,1,0,0,0,0,0,1,0,0,0,0,0,2.9610,0,0,0,0,0,0,4,3,0,0,3,0,3,5,0,0,0,2,3,3,3
443,"Birds, The (1963)",0,0,0,0,0,0,0,0,0,1,0,0,0,0,1,0,0,0,3.8086,3,3,5,4,0,4,5,3,0,4,4,3,4,5,4,0,3,3,4,4,4
716,"Home for the Holidays (1995)",0,0,0,0,0,0,1,0,0,0,0,0,0,0,0,0,0,0,3.1552,0,0,0,0,0,0,0,0,0,4,3,0,0,0,2,0,3,3,0,0,2
64,"Shawshank Redemption, The (1994)",0,0,0,0,1,0,1,0,0,0,0,0,0,0,0,0,0,0,4.4452,3,3,5,5,0,4,5,4,5,4,4,4,4,5,5,2,4,0,5,5,4
1585,"American Dream (1990)",0,0,0,0,0,1,0,0,0,0,0,0,0,0,0,0,0,0,2.5000,0,0,0,0,0,0,0,0,0,0,0,0,0,0,0,0,0,0,0,0,4
320,"Paradise Lost: The Child Murders at Robin Hood Hills (1996)",0,0,0,0,0,1,0,0,0,0,0,0,0,0,0,0,0,0,4.0500,0,0,5,0,0,0,0,0,0,0,0,0,0,0,0,0,0,0,0,0,5
12,"Usual Suspects, The (1995)",0,0,0,0,1,0,0,0,0,0,0,1,0,0,1,0,0,0,4.3858,3,4,5,4,0,5,5,5,5,4,5,1,5,5,4,3,0,5,0,5,3
715,"To Die For (1995)",0,0,0,1,0,0,1,0,0,0,0,0,0,0,1,0,0,0,3.2759,4,4,0,3,0,0,5,5,0,3,4,0,0,0,4,4,4,0,4,3,3
1012,"Private Parts (1997)",0,0,0,1,0,0,1,0,0,0,0,0,0,0,0,0,0,0,3.5300,0,0,5,0,0,0,0,0,0,0,0,0,3,4,4,2,3,0,0,0,3
70,"Four Weddings and a Funeral (1994)",0,0,0,1,0,0,0,0,0,0,0,0,1,0,0,0,0,0,3.6614,4,3,4,3,0,5,3,4,4,4,4,3,4,5,4,4,4,3,4,4,2
1016,"Con Air (1997)",1,1,0,0,0,0,0,0,0,0,0,0,0,0,1,0,0,0,3.4599,0,0,4,2,0,0,0,0,3,0,0,0,4,5,3,0,0,3,0,3,3
48,"Hoop Dreams (1994)",0,0,0,0,0,1,0,0,0,0,0,0,0,0,0,0,0,0,4.0940,4,3,5,5,0,0,5,4,4,0,5,2,3,0,0,4,0,0,0,0,4
317,"In the Name of the Father (1993)",0,0,0,0,0,0,1,0,0,0,0,0,0,0,0,0,0,0,3.9118,3,3,0,4,0,4,0,0,4,0,5,2,0,5,0,0,3,3,3,4,3
21,"Muppet Treasure Island (1996)",0,1,0,1,0,0,0,0,0,0,1,0,0,0,0,0,0,0,2.7619,0,0,0,0,0,0,0,3,0,0,3,3,2,3,2,0,0,0,0,3,2
693,"Casino (1995)",0,0,0,0,1,0,1,0,0,0,0,0,0,0,0,0,0,0,3.6484,4,4,0,4,0,3,0,3,0,3,4,2,4,3,4,0,3,3,0,4,3
895,"Scream 2 (1997)",0,0,0,1,0,0,0,0,0,1,0,1,0,0,1,0,0,0,3.2170,0,3,3,3,0,0,0,0,0,0,0,0,0,4,0,3,0,0,0,0,3
789,"Swimming with Sharks (1995)",0,0,0,1,0,0,1,0,0,0,0,0,0,0,0,0,0,0,3.5745,2,3,4,2,0,0,4,0,4,0,0,0,4,0,0,0,0,0,0,3,3
272,"Good Will Hunting (1997)",0,0,0,0,0,0,1,0,0,0,0,0,1,0,0,0,0,0,4.2626,4,3,5,4,0,5,0,0,0,5,4,0,0,5,0,0,4,4,4,5,3
1140,"Road to Wellville, The (1994)",0,0,0,1,0,0,0,0,0,0,0,0,0,0,0,0,0,0,2.2941,0,0,0,0,0,0,0,4,0,2,0,0,0,0,0,0,0,0,0,2,3
195,"Terminator, The (1984)",1,0,0,0,0,0,0,0,0,0,0,0,0,1,1,0,0,0,3.9336,3,3,4,3,4,0,5,5,5,4,3,2,4,5,4,4,0,0,3,5,3
645,"Paris Is Burning (1990)",0,0,0,0,0,1,0,0,0,0,0,0,0,0,0,0,0,0,3.8148,0,0,0,0,0,0,0,0,0,0,0,0,0,0,0,4,3,0,0,0,3
311,"Wings of the Dove, The (1997)",0,0,0,0,0,0,1,0,0,0,0,0,1,0,0,0,0,0,3.6800,3,0,0,0,0,4,0,0,0,4,0,0,0,3,0,3,0,4,0,0,3
202,"Groundhog Day (1993)",0,0,0,1,0,0,0,1,0,0,0,0,1,0,0,0,0,0,3.7643,3,3,5,3,4,3,4,4,0,4,3,3,4,4,5,4,3,0,0,4,2
303,"Ulee's Gold (1997)",0,0,0,0,0,0,1,0,0,0,0,0,0,0,0,0,0,0,3.6866,4,2,5,4,0,4,0,0,0,0,0,0,0,4,0,0,0,4,0,4,4
405,"Mission: Impossible (1996)",1,1,0,0,0,0,0,0,0,0,0,1,0,0,1,0,0,0,3.3140,2,4,4,1,0,0,3,0,4,4,3,0,3,5,4,2,2,3,2,3,2
647,"Ran (1985)",0,0,0,0,0,0,1,0,0,0,0,0,0,0,0,1,0,0,4.1000,4,0,0,5,0,5,5,0,4,4,0,3,0,0,0,0,5,0,4,4,3
221,"Breaking the Waves (1996)",0,0,0,0,0,0,1,0,0,0,0,1,0,0,0,0,0,0,3.7297,3,3,5,0,0,4,0,0,4,4,0,2,0,0,5,0,5,5,2,0,3
1288,"Denise Calls Up (1995)",0,0,0,1,0,0,0,0,0,0,0,0,0,0,0,0,0,0,3.0000,0,0,0,0,0,0,0,0,0,0,0,0,0,0,0,0,0,0,0,0,3
1011,"2 Days in the Valley (1996)",0,0,0,0,1,0,0,0,1,0,0,0,0,0,0,0,0,0,3.2258,3,3,4,3,0,0,0,0,4,0,0,3,4,4,2,0,0,4,0,3,3
481,"Apartment, The (1960)",0,0,0,1,0,0,1,0,0,0,0,0,1,0,0,0,0,0,3.9365,0,0,0,0,0,5,0,4,4,5,0,5,3,0,0,0,0,5,4,0,2
944,"Renaissance Man (1994)",0,0,0,1,0,0,1,0,0,0,0,0,0,0,0,0,0,0,3.0000,0,0,0,0,0,0,0,0,0,0,0,0,3,0,0,0,0,0,0,0,3
285,"Secrets & Lies (1996)",0,0,0,0,0,0,1,0,0,0,0,0,0,0,0,0,0,0,4.2654,4,4,5,5,0,5,4,5,5,0,4,4,0,2,0,4,5,4,0,0,4
171,"Delicatessen (1991)",0,0,0,1,0,0,1,0,0,0,0,0,1,0,0,0,0,0,3.8769,3,3,0,0,0,2,0,4,4,0,0,0,0,0,4,0,0,4,0,4,2
215,"Field of Dreams (1989)",0,0,0,0,0,0,1,1,0,0,0,0,0,0,0,0,0,0,3.6981,3,2,5,4,4,2,5,3,5,5,4,3,0,5,5,4,4,0,4,4,2
903,"Afterglow (1997)",0,0,0,0,0,0,1,0,0,0,0,0,1,0,0,0,0,0,3.1111,0,0,0,0,0,4,0,0,0,0,0,0,0,0,0,0,0,0,0,0,3
717,"Juror, The (1996)",0,0,0,0,0,0,1,0,0,0,0,0,0,0,1,0,0,0,2.8171,0,0,0,0,0,0,2,0,0,4,0,0,0,2,0,0,0,0,0,0,1
1111,"Double Happiness (1994)",0,0,0,0,0,0,1,0,0,0,0,0,0,0,0,0,0,0,3.4286,3,0,0,0,0,0,5,0,0,0,0,0,0,0,0,0,0,0,0,0,3
656,"M (1931)",0,0,0,0,1,0,0,0,1,0,0,0,0,0,1,0,0,0,4.0000,0,4,0,0,0,5,0,3,0,0,0,4,0,0,0,0,0,0,0,0,3
708,"Sex, Lies, and Videotape (1989)",0,0,0,0,0,0,1,0,0,0,0,0,0,0,0,0,0,0,3.4752,3,4,0,3,3,5,4,4,4,4,4,0,3,4,0,4,4,4,4,0,3
183,"Alien (1979)",0,0,0,0,0,0,0,0,0,1,0,0,0,1,0,0,0,0,4.0344,3,4,5,4,0,0,5,4,5,4,4,4,4,5,5,3,4,4,0,5,4
644,"Thin Blue Line, The (1988)",0,0,0,0,0,1,0,0,0,0,0,0,0,0,0,0,0,0,3.7714,5,3,0,0,0,5,4,0,0,0,0,0,0,0,0,3,4,0,0,0,3
287,"Marvin's Room (1996)",0,0,0,0,0,0,1,0,0,0,0,0,0,0,0,0,0,0,3.5897,0,0,3,0,0,4,5,0,0,4,2,3,0,4,4,0,4,3,0,0,3
1501,"Prisoner of the Mountains (Kavkazsky plennik) (1996)",0,0,0,0,0,0,0,0,0,0,0,0,0,0,0,1,0,0,3.0000,0,0,0,0,0,0,0,0,0,0,0,0,0,0,0,0,0,0,0,0,3
363,"Sudden Death (1995)",1,0,0,0,0,0,0,0,0,0,0,0,0,0,0,0,0,0,2.7234,0,0,0,0,0,0,0,0,0,0,0,0,0,0,1,0,0,0,0,0,3
219,"Nightmare on Elm Street, A (1984)",0,0,0,0,0,0,0,0,0,1,0,0,0,0,1,0,0,0,3.1712,0,4,0,0,0,0,5,3,0,0,0,2,4,4,5,4,0,0,0,4,2
950,"Georgia (1995)",0,0,0,0,0,0,1,0,0,0,0,0,0,0,0,0,0,0,2.9000,3,3,0,0,0,0,0,0,0,0,0,2,0,0,0,0,4,3,0,0,3
1380,"Hollow Reed (1996)",0,0,0,0,0,0,1,0,0,0,0,0,0,0,0,0,0,0,2.3333,0,0,0,0,0,0,0,0,0,0,0,0,0,0,0,0,0,0,0,0,4
127,"Godfather, The (1972)",0,0,0,0,1,0,1,0,0,0,0,0,0,0,0,0,0,0,4.2833,5,5,5,5,4,4,5,4,5,5,0,4,4,5,5,4,5,4,5,5,5
574,"Boxing Helena (1993)",0,0,0,0,0,0,1,0,0,0,0,1,1,0,1,0,0,0,2.2000,0,0,0,0,0,0,0,0,0,0,0,0,0,0,1,0,0,0,0,0,2
803,"Heaven & Earth (1993)",1,0,0,0,0,0,1,0,0,0,0,0,0,0,0,1,0,0,2.5556,0,2,0,0,0,0,0,0,0,0,3,0,0,3,0,0,0,0,0,2,3
51,"Legends of the Fall (1994)",0,0,0,0,0,0,1,0,0,0,0,0,1,0,0,1,1,0,3.4568,0,2,0,3,0,0,5,0,0,4,3,0,0,5,0,0,4,0,2,3,2
918,"City of Angels (1998)",0,0,0,0,0,0,1,1,0,0,0,0,1,0,0,0,0,0,3.0000,0,0,0,0,0,0,0,0,0,0,3,0,0,4,0,0,0,0,0,0,2
216,"When Harry Met Sally... (1989)",0,0,0,1,0,0,0,0,0,0,0,0,1,0,0,0,0,0,3.9103,3,4,4,4,5,5,4,3,4,5,4,3,4,5,5,3,4,3,3,0,4
576,"Cliffhanger (1993)",1,1,0,0,0,0,0,0,0,0,0,0,0,0,1,0,0,0,3.0215,0,0,0,0,0,0,0,0,0,0,3,0,0,5,3,0,0,0,0,3,2
234,"Jaws (1975)",1,0,0,0,0,0,0,0,0,1,0,0,0,0,0,0,0,0,3.7750,3,5,5,5,0,4,5,3,5,3,4,4,4,5,5,5,0,0,4,5,3
1368,"Mina Tannenbaum (1994)",0,0,0,0,0,0,1,0,0,0,0,0,0,0,0,0,0,0,3.6667,0,0,0,0,0,0,0,0,0,0,0,0,0,0,0,0,0,0,0,0,5
966,"Affair to Remember, An (1957)",0,0,0,0,0,0,1,0,0,0,0,0,1,0,0,0,0,0,4.1923,2,0,0,0,0,5,0,3,4,4,0,4,0,5,0,0,0,0,0,0,3
288,"Scream (1996)",0,0,0,1,0,0,0,0,0,1,0,1,0,0,1,0,0,0,3.4414,2,4,5,3,0,0,5,4,3,3,3,3,3,5,4,4,0,3,0,4,3
298,"Face/Off (1997)",1,0,0,0,1,0,1,0,0,0,0,0,0,0,1,0,0,0,3.7680,0,0,5,4,0,0,0,5,3,0,3,0,5,4,4,3,0,0,4,5,4
248,"Grosse Pointe Blank (1997)",0,0,0,1,1,0,0,0,0,0,0,0,1,0,0,0,0,0,3.6750,0,0,4,3,0,0,0,4,4,0,3,0,5,5,2,0,0,4,0,4,2
1137,"Beautiful Thing (1996)",0,0,0,0,0,0,1,0,0,0,0,0,1,0,0,0,0,0,3.9655,0,4,0,0,0,2,0,0,0,0,0,0,0,0,0,0,5,4,4,0,3
153,"Fish Called Wanda, A (1988)",0,0,0,1,1,0,0,0,0,0,0,0,0,0,0,0,0,0,3.7854,0,0,0,4,0,5,0,5,0,5,4,3,4,4,5,4,3,4,3,4,2
271,"Starship Troopers (1997)",1,0,0,0,0,0,0,0,0,0,0,0,0,1,0,0,0,0,3.2322,2,4,4,0,0,0,0,0,0,0,0,0,0,0,2,3,0,3,0,4,3
469,"Short Cuts (1993)",0,0,0,0,0,0,1,0,0,0,0,0,0,0,0,0,0,0,3.7761,3,4,4,4,0,0,0,5,4,4,5,0,4,4,0,4,0,0,0,4,3
378,"Miracle on 34th Street (1994)",0,0,0,0,0,0,1,0,0,0,0,0,0,0,0,0,0,0,3.7228,2,0,0,0,0,0,0,3,4,5,0,4,3,5,0,0,4,0,4,0,1
728,"Junior (1994)",0,0,0,1,0,0,0,0,0,0,0,0,0,1,0,0,0,0,3.0222,0,0,0,0,0,0,0,0,0,3,3,0,0,0,0,0,0,0,0,2,2
963,"Some Folks Call It a Sling Blade (1993)",0,0,0,0,0,0,1,0,0,0,0,0,0,0,1,0,0,0,4.2927,3,0,5,0,0,0,5,0,5,0,0,3,0,0,0,0,0,0,0,0,3
131,"Breakfast at Tiffany's (1961)",0,0,0,0,0,0,1,0,0,0,0,0,1,0,0,0,0,0,3.7263,4,0,0,0,0,5,4,4,4,4,0,3,0,0,0,4,0,4,0,0,2
793,"Crooklyn (1994)",0,0,0,1,0,0,1,0,0,0,0,0,0,0,0,0,0,0,3.5000,0,0,0,0,0,0,0,0,0,0,3,0,0,0,0,0,0,0,0,0,3
200,"Shining, The (1980)",0,0,0,0,0,0,0,0,0,1,0,0,0,0,0,0,0,0,3.8252,3,5,0,4,1,0,5,5,3,3,3,5,3,5,4,4,0,4,0,5,4
1010,"Basquiat (1996)",0,0,0,0,0,0,1,0,0,0,0,0,0,0,0,0,0,0,3.2500,2,3,5,0,0,0,0,0,0,0,0,2,3,0,0,0,4,5,2,3,3
132,"Wizard of Oz, The (1939)",0,1,0,0,0,0,0,1,0,0,1,0,0,0,0,0,0,0,4.0772,3,0,5,4,5,5,5,3,4,5,4,4,3,4,5,5,5,3,5,0,3
958,"To Live (Huozhe) (1994)",0,0,0,0,0,0,1,0,0,0,0,0,0,0,0,0,0,0,3.7857,2,0,0,0,0,4,0,0,0,0,0,0,0,0,0,0,0,0,0,0,3
319,"Everyone Says I Love You (1996)",0,0,0,1,0,0,0,0,0,0,1,0,1,0,0,0,0,0,3.2738,4,2,4,0,0,0,0,4,0,0,3,3,3,5,5,0,0,3,4,0,3
297,"Ulee's Gold (1997)",0,0,0,0,0,0,1,0,0,0,0,0,0,0,0,0,0,0,3.9600,0,0,5,4,0,0,0,0,0,0,0,0,0,4,0,0,0,5,0,0,4
54,"Outbreak (1995)",1,0,0,0,0,0,1,0,0,0,0,0,0,1,1,0,0,0,3.2404,0,0,0,3,0,0,4,2,0,4,4,2,0,5,3,0,0,0,0,3,2
865,"Ice Storm, The (1997)",0,0,0,0,0,0,1,0,0,0,0,0,0,0,0,0,0,0,3.4762,0,0,0,0,0,0,0,0,0,4,0,0,0,3,0,5,0,2,0,0,4
93,"Welcome to the Dollhouse (1995)",0,0,0,1,0,0,1,0,0,0,0,0,0,0,0,0,0,0,3.7232,3,5,4,0,0,0,0,0,0,0,0,3,4,4,5,4,4,4,0,0,3
522,"Down by Law (1986)",0,0,0,1,0,0,1,0,1,0,0,0,0,0,0,0,0,0,3.7714,0,0,5,0,0,0,0,3,0,0,0,0,0,0,0,0,3,0,0,0,3
1375,"Cement Garden, The (1993)",0,0,0,0,0,0,1,0,0,0,0,0,0,0,0,0,0,0,3.6000,0,0,0,0,0,0,0,0,0,0,0,0,0,0,0,0,0,0,0,0,3
396,"Serial Mom (1994)",0,0,0,1,1,0,0,0,0,1,0,0,0,0,0,0,0,0,2.8148,0,3,0,0,0,0,0,4,0,2,4,0,0,2,4,3,3,4,0,4,2
28,"Apollo 13 (1995)",0,1,0,0,0,0,1,0,0,0,0,0,0,0,0,0,0,0,3.9312,3,3,4,3,5,0,5,3,4,4,4,4,3,5,3,3,0,3,4,4,3
533,"Daytrippers, The (1996)",0,0,0,1,0,0,1,0,0,0,0,1,1,0,0,0,0,0,3.6667,0,0,4,0,0,0,0,0,0,0,0,0,0,0,0,4,0,0,0,0,2
97,"Dances with Wolves (1990)",0,1,0,0,0,0,1,0,0,0,0,0,0,0,0,0,1,0,3.7930,2,2,4,4,5,5,5,1,5,4,5,2,4,5,5,0,2,0,2,3,3
205,"Patton (1970)",0,0,0,0,0,0,1,0,0,0,0,0,0,0,0,1,0,0,3.9926,5,0,0,0,0,0,3,3,5,4,0,3,0,0,0,0,0,0,4,0,3
57,"Priest (1994)",0,0,0,0,0,0,1,0,0,0,0,0,0,0,0,0,0,0,4.0000,0,4,0,0,0,5,0,0,0,0,0,0,0,0,0,0,5,0,5,3,3
25,"Birdcage, The (1996)",0,0,0,1,0,0,0,0,0,0,0,0,0,0,0,0,0,0,3.4437,2,3,0,3,0,5,4,4,5,3,4,3,4,4,4,2,4,0,2,4,3
479,"Vertigo (1958)",0,0,0,0,0,0,1,0,0,0,0,1,1,0,1,0,0,0,4.2514,4,4,4,4,0,5,5,5,5,4,4,5,4,5,5,0,0,4,4,5,4
381,"Muriel's Wedding (1994)",0,0,0,1,0,0,0,0,0,0,0,0,0,0,0,0,0,0,3.5500,3,3,0,0,4,0,5,0,4,2,4,3,3,0,4,4,4,0,0,0,3
611,"Laura (1944)",0,0,0,0,1,0,0,0,1,0,0,1,0,0,0,0,0,0,4.1000,0,0,0,0,0,5,3,4,4,5,0,5,4,0,0,0,0,0,0,0,3
292,"Rosewood (1997)",1,0,0,0,0,0,1,0,0,0,0,0,0,0,0,0,0,0,3.6667,2,3,1,0,0,0,0,0,0,5,3,4,0,0,0,0,0,0,0,0,2
187,"Godfather: Part II, The (1974)",0,0,0,0,1,0,1,0,0,0,0,0,0,0,0,0,0,0,4.1866,4,3,5,3,0,4,5,5,5,5,0,4,0,5,5,0,4,4,5,5,5
700,"Miami Rhapsody (1995)",0,0,0,1,0,0,0,0,0,0,0,0,0,0,0,0,0,0,2.6000,0,0,0,0,0,0,0,0,0,1,0,0,3,0,3,0,0,0,0,0,3
1053,"Now and Then (1995)",0,0,0,0,0,0,1,0,0,0,0,0,0,0,0,0,0,0,3.4583,0,0,0,0,0,0,0,0,0,3,3,0,0,4,0,0,0,0,0,0,1
568,"Speed (1994)",1,0,0,0,0,0,0,0,0,0,0,0,1,0,1,0,0,0,3.6478,2,3,5,4,0,5,5,5,0,4,4,0,3,4,4,2,2,0,3,4,3
566,"Clear and Present Danger (1994)",1,0,0,0,1,0,1,0,0,0,0,0,0,0,1,0,0,0,3.5698,2,3,0,3,0,0,4,4,5,4,3,2,3,0,0,0,0,3,3,4,3
66,"While You Were Sleeping (1995)",0,0,0,1,0,0,0,0,0,0,0,0,1,0,0,0,0,0,3.5494,0,0,0,2,0,0,0,4,4,4,3,3,2,5,0,3,4,0,0,3,2
740,"Jane Eyre (1996)",0,0,0,0,0,0,1,0,0,0,0,0,1,0,0,0,0,0,3.4762,0,0,0,0,0,0,0,0,0,0,0,0,0,0,0,0,0,3,0,0,3
58,"Quiz Show (1994)",0,0,0,0,0,0,1,0,0,0,0,0,0,0,0,0,0,0,3.6457,4,4,5,0,0,0,4,3,4,3,4,0,4,5,0,0,4,4,4,4,3
301,"In & Out (1997)",0,0,0,1,0,0,0,0,0,0,0,0,0,0,0,0,0,0,3.3043,2,0,1,0,0,4,0,0,0,4,3,3,3,5,0,3,3,2,4,4,2
657,"Manchurian Candidate, The (1962)",0,0,0,0,1,0,0,0,0,0,0,0,0,0,1,1,0,0,4.2595,3,0,4,4,0,5,4,4,5,4,0,4,0,5,0,0,4,4,4,0,3
305,"Ice Storm, The (1997)",0,0,0,0,0,0,1,0,0,0,0,0,0,0,0,0,0,0,3.6437,4,0,4,0,0,0,0,0,0,4,0,0,0,3,0,5,0,2,0,0,4
1245,"Gridlock'd (1997)",0,0,0,0,1,0,0,0,0,0,0,0,0,0,0,0,0,0,3.2105,3,4,0,0,0,0,0,0,0,0,0,0,0,0,0,0,0,0,0,3,3
523,"Cool Hand Luke (1967)",0,0,0,0,0,0,1,0,0,0,0,0,0,0,0,0,0,0,3.9939,3,0,0,0,0,4,4,4,5,5,0,4,0,0,0,4,4,0,4,4,3
462,"Like Water for Chocolate (Como agua para chocolate) (1992)",0,0,0,0,0,0,1,1,0,0,0,0,1,0,0,0,0,0,3.8041,3,1,0,4,0,5,5,0,4,4,0,4,4,5,3,0,4,4,4,4,3
909,"Dangerous Beauty (1998)",0,0,0,0,0,0,1,0,0,0,0,0,0,0,0,0,0,0,3.7692,0,0,0,0,0,0,0,0,0,0,0,0,0,0,0,0,0,0,0,0,3
359,"Assignment, The (1997)",1,0,0,0,0,0,0,0,0,0,0,0,0,0,1,0,0,0,3.5000,0,0,0,0,0,0,0,0,0,0,0,0,0,0,0,0,0,0,0,0,3
310,"Rainmaker, The (1997)",0,0,0,0,0,0,1,0,0,0,0,0,0,0,0,0,0,0,3.6000,3,0,0,0,0,3,0,0,0,4,0,0,0,5,0,0,0,3,3,0,3
729,"Nell (1994)",0,0,0,0,0,0,1,0,0,0,0,0,0,0,0,0,0,0,3.4815,0,2,0,2,0,0,4,3,4,4,4,0,2,5,3,0,3,0,0,0,2
517,"Manhattan (1979)",0,0,0,1,0,0,1,0,0,0,0,0,1,0,0,0,0,0,3.7692,4,0,0,0,0,3,5,4,4,0,3,3,0,0,5,2,4,0,5,0,4
505,"Dial M for Murder (1954)",0,0,0,0,1,0,0,0,0,0,0,1,0,0,1,0,0,0,4.0000,0,3,0,0,0,5,4,3,5,5,0,4,4,0,0,0,0,4,0,0,3
1017,"Trees Lounge (1996)",0,0,0,0,0,0,1,0,0,0,0,0,0,0,0,0,0,0,3.2400,0,0,4,3,0,0,0,0,0,0,0,0,3,0,0,2,0,0,0,0,3
650,"Seventh Seal, The (Sjunde inseglet, Det) (1957)",0,0,0,0,0,0,1,0,0,0,0,0,0,0,0,0,0,0,3.5417,0,0,0,0,0,5,5,0,4,4,0,3,0,0,5,4,0,0,0,0,3
1197,"Family Thing, A (1996)",0,0,0,1,0,0,1,0,0,0,0,0,0,0,0,0,0,0,3.5556,3,0,0,0,0,4,0,4,0,3,0,0,0,0,0,0,0,0,0,0,3
500,"Fly Away Home (1996)",0,1,0,0,0,0,0,0,0,0,0,0,0,0,0,0,0,0,3.9032,0,0,0,0,0,4,0,0,0,4,4,3,1,5,0,0,0,3,0,0,2
915,"Primary Colors (1998)",0,0,0,1,0,0,1,0,0,0,0,0,0,0,0,0,0,0,3.9231,0,0,0,0,0,0,0,0,0,0,0,0,0,5,0,0,0,0,0,4,4
354,"Wedding Singer, The (1998)",0,0,0,1,0,0,0,0,0,0,0,0,1,0,0,0,0,0,3.4861,0,0,4,0,0,3,0,0,0,4,0,0,0,4,0,0,0,0,0,4,2
874,"Career Girls (1997)",0,0,0,0,0,0,1,0,0,0,0,0,0,0,0,0,0,0,3.2564,3,0,0,0,0,0,0,0,0,0,0,1,0,1,0,3,0,0,0,0,4
734,"Made in America (1993)",0,0,0,1,0,0,0,0,0,0,0,0,0,0,0,0,0,0,2.5185,0,0,0,0,0,0,0,0,0,2,3,0,0,3,1,0,0,0,0,1,3
1194,"Once Were Warriors (1994)",0,0,0,0,1,0,1,0,0,0,0,0,0,0,0,0,0,0,4.0645,3,4,0,0,0,4,0,0,0,0,0,0,0,0,0,0,0,0,0,3,5
118,"Twister (1996)",1,1,0,0,0,0,0,0,0,0,0,0,1,0,1,0,0,0,3.2150,0,1,3,0,0,0,5,3,0,3,4,0,3,2,2,0,2,0,0,3,2
1554,"Safe Passage (1994)",0,0,0,0,0,0,1,0,0,0,0,0,0,0,0,0,0,0,3.0000,0,0,0,0,0,0,0,0,0,0,0,0,0,0,0,0,0,0,0,0,2
781,"French Kiss (1995)",1,0,0,1,0,0,0,0,0,0,0,0,1,0,0,0,0,0,3.3333,0,0,0,2,0,0,4,0,0,4,0,2,0,4,0,0,0,0,0,0,1
156,"Reservoir Dogs (1992)",0,0,0,0,1,0,0,0,0,0,0,1,0,0,1,0,0,0,3.9865,0,4,0,4,0,4,0,4,0,0,0,2,4,5,5,4,0,0,0,5,2
875,"She's So Lovely (1997)",0,0,0,0,0,0,1,0,0,0,0,0,1,0,0,0,0,0,2.7358,1,0,4,0,0,1,0,0,0,0,3,0,0,2,4,4,0,0,0,0,3
220,"Mirror Has Two Faces, The (1996)",0,0,0,1,0,0,1,0,0,0,0,0,1,0,0,0,0,0,3.3636,0,0,0,0,0,4,2,0,0,4,2,0,0,4,0,0,3,3,0,0,2
649,"Once Upon a Time in America (1984)",0,0,0,0,1,0,1,0,0,0,0,0,0,0,0,0,0,0,3.4000,3,3,0,4,0,0,4,4,4,0,0,3,0,0,0,0,0,0,0,4,3
1211,"Blue Sky (1994)",0,0,0,0,0,0,1,0,0,0,0,0,1,0,0,0,0,0,3.4167,0,3,0,0,0,0,0,3,0,0,3,0,0,0,0,0,0,0,0,0,4
939,"Murder in the First (1995)",0,0,0,0,0,0,1,0,0,0,0,0,0,0,1,0,0,0,3.6000,0,0,3,2,0,0,0,0,4,4,4,2,4,0,3,0,0,0,0,3,3
823,"Mulholland Falls (1996)",0,0,0,0,1,0,1,0,0,0,0,0,0,0,1,0,0,0,2.8780,0,3,1,0,0,0,5,0,0,3,0,0,0,0,0,0,0,0,0,3,2
157,"Platoon (1986)",0,0,0,0,0,0,1,0,0,0,0,0,0,0,0,1,0,0,3.6929,0,4,5,5,5,0,0,5,0,3,3,2,4,4,0,0,0,0,3,5,3
98,"Silence of the Lambs, The (1991)",0,0,0,0,1,0,0,0,0,1,0,0,0,0,1,0,0,0,4.2897,3,4,5,4,5,5,5,3,5,4,5,4,4,5,5,4,4,4,4,5,4
15,"Mr. Holland's Opus (1995)",0,0,0,0,0,0,1,0,0,0,0,0,0,0,0,0,0,0,3.7782,3,3,5,3,5,0,5,3,5,3,4,3,5,4,3,0,3,0,0,0,3
451,"Grease (1978)",0,0,0,1,0,0,0,0,0,0,1,0,1,0,0,0,0,0,3.3471,0,0,0,3,0,0,5,0,0,4,4,3,0,5,5,4,4,0,4,3,3
974,"Eye for an Eye (1996)",0,0,0,0,0,0,1,0,0,0,0,0,0,0,1,0,0,0,3.0313,0,0,0,0,0,0,3,0,0,0,0,0,0,0,0,0,0,0,0,2,2
435,"Butch Cassidy and the Sundance Kid (1969)",1,0,0,0,0,0,0,0,0,0,0,0,0,0,0,0,1,0,3.9491,3,4,0,4,0,5,5,4,5,4,4,3,4,0,5,4,0,0,4,0,2
283,"Emma (1996)",0,0,0,1,0,0,1,0,0,0,0,0,1,0,0,0,0,0,3.7175,4,0,4,2,0,0,0,3,3,3,4,3,3,5,3,0,5,4,3,0,3
233,"Under Siege (1992)",1,0,0,0,0,0,1,0,0,0,0,0,0,0,1,0,0,0,3.2903,0,4,0,2,0,0,0,3,0,3,2,2,3,0,4,3,0,0,0,3,3
980,"Mother Night (1996)",0,0,0,0,0,0,1,0,0,0,0,0,0,0,0,0,0,0,3.1818,3,3,0,0,0,0,0,0,0,0,0,2,0,4,0,0,0,0,0,0,2
193,"Right Stuff, The (1983)",0,0,0,0,0,0,1,0,0,0,0,0,0,0,0,0,0,0,3.9172,4,3,5,3,0,4,4,3,4,5,4,4,4,0,0,0,0,4,3,4,3
76,"Carlito's Way (1993)",0,0,0,0,1,0,1,0,0,0,0,0,0,0,0,0,0,0,3.4074,3,4,0,3,0,0,0,0,4,3,0,2,0,0,0,0,0,0,0,4,3
332,"Kiss the Girls (1997)",0,0,0,0,1,0,1,0,0,0,0,1,0,0,1,0,0,0,3.4615,0,2,3,0,0,0,0,0,0,4,0,0,0,4,0,0,0,0,0,4,3
504,"Bonnie and Clyde (1967)",0,0,0,0,1,0,1,0,0,0,0,0,0,0,0,0,0,0,3.8197,3,0,0,4,0,0,5,4,5,5,0,4,3,0,0,0,4,0,4,0,5
1071,"Party Girl (1995)",0,0,0,1,0,0,0,0,0,0,0,0,0,0,0,0,0,0,2.8750,0,0,4,0,0,0,0,0,0,0,0,0,2,0,2,0,0,0,0,0,2
674,"Cat People (1982)",0,0,0,0,0,0,1,1,0,1,0,0,0,0,0,0,0,0,2.8958,0,0,0,0,0,0,0,0,0,0,3,0,0,0,0,0,0,0,0,0,3
528,"Killing Fields, The (1984)",0,0,0,0,0,0,1,0,0,0,0,0,0,0,0,1,0,0,4.1322,3,0,0,4,0,5,4,3,5,5,5,4,4,0,0,0,5,0,4,0,5
1473,"Little Princess, The (1939)",0,0,0,0,0,0,1,0,0,0,0,0,0,0,0,0,0,0,3.5556,0,0,0,0,0,0,0,0,0,0,0,0,0,0,0,0,0,0,0,0,3
1193,"Before the Rain (Pred dozhdot) (1994)",0,0,0,0,0,0,1,0,0,0,0,0,0,0,0,1,0,0,3.8000,0,4,0,0,0,4,0,0,0,0,0,0,0,0,0,0,0,0,0,0,3
209,"This Is Spinal Tap (1984)",0,0,0,1,0,0,0,0,0,0,0,0,0,0,0,0,0,0,3.9058,4,3,0,3,0,5,5,4,5,0,0,4,4,5,5,4,0,3,4,4,3
1098,"Flirting With Disaster (1996)",0,0,0,1,0,0,0,0,0,0,0,0,0,0,0,0,0,0,3.6905,0,2,0,2,0,0,0,0,0,0,0,0,0,3,4,4,0,0,4,4,3
604,"It Happened One Night (1934)",0,0,0,1,0,0,0,0,0,0,0,0,1,0,0,0,0,0,4.0123,3,0,0,0,0,5,3,0,4,4,0,5,0,0,0,0,4,0,4,0,4
149,"Jude (1996)",0,0,0,0,0,0,1,0,0,0,0,0,0,0,0,0,0,0,3.0000,3,0,4,0,0,3,4,0,0,0,0,0,0,0,0,0,0,0,0,0,4
558,"Heavenly Creatures (1994)",0,0,0,0,1,0,1,0,0,0,0,0,0,0,0,0,0,0,3.6714,4,2,5,3,0,0,0,4,0,3,0,4,0,0,4,4,0,4,0,4,4
1082,"Female Perversions (1996)",0,0,0,0,0,0,1,0,0,0,0,0,0,0,0,0,0,0,2.6250,0,0,3,0,0,0,0,0,0,0,0,0,0,0,0,0,0,0,0,0,3
778,"Don Juan DeMarco (1995)",0,0,0,1,0,0,1,0,0,0,0,0,1,0,0,0,0,0,3.5526,3,0,0,0,0,0,0,3,0,3,3,0,3,3,4,3,0,0,0,0,2
22,"Braveheart (1995)",1,0,0,0,0,0,1,0,0,0,0,0,0,0,0,1,0,0,4.1515,2,2,5,3,0,4,4,4,4,5,5,4,5,5,5,4,3,4,0,5,2
527,"Gandhi (1982)",0,0,0,0,0,0,1,0,0,0,0,0,0,0,0,0,0,0,4.0205,4,3,5,4,0,5,5,0,5,5,4,3,5,0,0,4,4,3,4,0,3
1167,"Sum of Us, The (1994)",0,0,0,1,0,0,1,0,0,0,0,0,0,0,0,0,0,0,3.5455,0,0,0,0,0,0,0,0,0,0,0,0,0,0,0,0,5,0,3,0,3
300,"Air Force One (1997)",1,0,0,0,0,0,0,0,0,0,0,0,0,0,1,0,0,0,3.6311,1,0,0,2,4,3,0,0,0,4,4,3,3,4,1,2,0,3,3,4,3
1135,"Doors, The (1991)",0,0,0,0,0,0,1,0,0,0,0,0,0,0,0,0,0,0,2.9783,0,5,0,3,0,0,0,4,0,4,2,0,0,2,2,0,0,0,0,4,3
509,"My Left Foot (1989)",0,0,0,0,0,0,1,0,0,0,0,0,0,0,0,0,0,0,3.8512,4,3,0,3,0,5,0,4,5,4,4,0,0,5,0,0,4,0,4,0,3
686,"Perfect World, A (1993)",0,0,0,0,1,0,1,0,0,0,0,0,0,0,1,0,0,0,3.6800,0,2,5,3,0,0,0,4,0,4,4,3,2,5,0,4,0,0,0,3,2
742,"Ransom (1996)",0,0,0,0,1,0,0,0,0,0,0,0,0,0,1,0,0,0,3.6442,0,0,4,2,0,0,3,4,0,4,4,0,4,4,4,0,3,2,0,4,3
972,"Passion Fish (1992)",0,0,0,0,0,0,1,0,0,0,0,0,0,0,0,0,0,0,3.1786,3,3,0,0,0,4,4,0,0,0,4,0,4,4,0,0,3,0,0,0,3
911,"Twilight (1998)",0,0,0,0,1,0,1,0,0,0,0,0,0,0,1,0,0,0,2.5000,0,0,0,0,0,0,0,0,0,0,0,0,0,0,0,0,0,0,0,0,2
69,"Forrest Gump (1994)",0,0,0,1,0,0,1,0,0,0,0,0,1,0,0,1,0,0,3.8536,2,2,5,3,5,1,5,2,5,4,3,4,5,4,5,2,3,1,4,4,3
887,"Eve's Bayou (1997)",0,0,0,0,0,0,1,0,0,0,0,0,0,0,0,0,0,0,3.6094,0,0,5,0,0,0,0,0,0,0,0,3,0,0,0,0,0,5,0,0,3
825,"Arrival, The (1996)",1,0,0,0,0,0,0,0,0,0,0,0,0,1,1,0,0,0,3.0361,0,1,1,0,0,0,4,4,0,0,0,0,0,0,3,0,0,0,0,3,2
447,"Carrie (1976)",0,0,0,0,0,0,1,1,0,1,0,0,0,0,1,0,0,0,3.5041,3,5,0,4,0,5,5,4,0,0,4,3,0,4,0,4,3,0,3,4,4
302,"L.A. Confidential (1997)",0,0,0,0,1,0,0,0,1,0,0,1,0,0,1,0,0,0,4.1616,4,4,5,4,0,5,0,0,5,5,5,0,0,5,4,3,0,5,0,5,4
185,"Psycho (1960)",0,0,0,0,1,0,0,0,0,1,0,0,0,0,0,0,0,0,4.1004,4,5,5,5,0,5,5,4,5,5,0,3,4,4,5,0,4,4,0,4,4
1090,"Sliver (1993)",0,0,0,0,0,0,0,0,0,0,0,0,0,0,1,0,0,0,2.4054,0,0,0,0,0,0,0,0,0,0,0,0,0,0,1,0,0,0,0,1,3
1535,"Enfer, L' (1994)",0,0,0,0,0,0,1,0,0,0,0,0,0,0,0,0,0,0,3.0000,0,0,0,0,0,0,0,0,0,0,0,0,0,0,0,0,0,0,0,0,3
238,"Raising Arizona (1987)",0,0,0,1,0,0,0,0,0,0,0,0,0,0,0,0,0,0,3.8750,4,3,5,4,5,0,5,5,4,5,3,3,5,4,4,4,4,4,2,5,3
258,"Contact (1997)",0,0,0,0,0,0,1,0,0,0,0,0,0,1,0,0,0,0,3.8035,4,2,5,3,0,3,3,0,4,4,4,2,4,5,4,1,3,4,4,5,2
223,"Sling Blade (1996)",0,0,0,0,0,0,1,0,0,0,0,0,0,0,0,0,0,0,4.1985,0,4,5,4,0,4,0,4,0,3,4,3,4,5,4,0,4,5,0,5,3
92,"True Romance (1993)",0,0,0,0,1,0,0,0,0,0,0,0,0,0,1,0,0,0,3.6154,3,3,5,4,0,0,5,4,4,4,0,0,4,3,4,4,3,0,0,4,3
582,"Piano, The (1993)",0,0,0,0,0,0,1,0,0,0,0,0,1,0,0,0,0,0,3.6012,3,5,0,4,0,0,4,3,5,4,5,4,3,0,4,4,4,5,4,3,2
1479,"Reckless (1995)",0,0,0,1,0,0,0,1,0,0,0,0,0,0,0,0,0,0,2.7500,0,0,0,0,0,0,0,0,0,3,0,0,0,0,0,0,0,0,0,0,2
1134,"Get on the Bus (1996)",0,0,0,0,0,0,1,0,0,0,0,0,0,0,0,0,0,0,3.3158,3,0,5,0,0,3,0,0,3,0,4,0,0,0,0,0,0,0,0,0,3
1514,"Dream With the Fishes (1997)",0,0,0,0,0,0,1,0,0,0,0,0,0,0,0,0,0,0,3.1429,0,0,5,0,0,0,0,0,0,0,0,0,0,0,0,0,0,0,0,0,2
662,"Somewhere in Time (1980)",0,0,0,0,0,0,1,0,0,0,0,0,1,0,0,0,0,0,3.4268,0,0,0,0,0,5,3,0,0,4,0,3,3,4,0,0,0,0,0,0,2
117,"Rock, The (1996)",1,1,0,0,0,0,0,0,0,0,0,0,0,0,1,0,0,0,3.6931,2,2,5,3,0,3,0,3,4,4,3,2,4,5,3,3,2,3,0,4,2
1106,"Newton Boys, The (1998)",0,0,0,0,1,0,1,0,0,0,0,0,0,0,0,0,0,0,3.0000,0,0,0,0,0,0,0,0,0,0,0,0,0,0,0,0,0,0,0,0,2
42,"Clerks (1994)",0,0,0,1,0,0,0,0,0,0,0,0,0,0,0,0,0,0,3.8041,3,4,5,0,0,4,5,4,4,0,4,0,5,3,5,3,0,4,3,4,3
161,"Top Gun (1986)",1,0,0,0,0,0,0,0,0,0,0,0,1,0,0,0,0,0,3.4818,0,0,0,2,5,0,3,3,4,5,4,3,3,4,5,3,2,3,4,3,2
550,"Die Hard: With a Vengeance (1995)",1,0,0,0,1,0,0,0,0,0,0,0,0,0,1,0,0,0,3.2848,2,0,0,1,0,0,5,4,0,4,2,2,3,4,3,2,0,0,0,4,2
337,"House of Yes, The (1997)",0,0,0,1,0,0,1,0,0,0,0,0,0,0,0,0,0,0,3.0000,3,0,0,0,0,0,0,0,0,0,0,0,0,0,0,0,0,4,0,0,2
685,"Executive Decision (1996)",1,1,0,0,0,0,0,0,0,0,0,0,0,0,1,0,0,0,3.3567,0,3,2,3,0,0,0,0,3,4,0,0,3,3,1,0,0,0,0,4,2
9,"Dead Man Walking (1995)",0,0,0,0,1,0,1,0,0,0,0,0,0,0,0,0,0,0,3.8963,0,3,5,0,0,4,4,4,5,0,5,3,0,5,5,5,5,4,4,5,3
815,"One Fine Day (1996)",0,0,0,0,0,0,1,0,0,0,0,0,1,0,0,0,0,0,3.2321,0,0,3,2,0,0,0,0,0,3,0,0,0,4,3,0,0,3,0,0,2
471,"Courage Under Fire (1996)",1,0,0,0,1,0,1,0,0,0,0,0,0,0,0,1,0,0,3.6109,3,2,4,3,5,4,0,3,3,4,3,3,0,5,0,0,0,0,0,4,3
629,"Victor/Victoria (1982)",0,0,0,1,0,0,0,0,0,0,1,0,1,0,0,0,0,0,3.3377,0,0,0,3,0,0,0,4,0,4,5,4,3,0,0,0,3,4,3,0,3
325,"Crash (1996)",0,0,0,0,0,0,1,0,0,0,0,0,0,0,1,0,0,0,2.5469,1,5,2,2,0,0,0,0,0,0,0,0,0,0,1,0,0,0,2,3,2
531,"Shine (1996)",0,0,0,0,0,0,1,0,0,0,0,0,1,0,0,0,0,0,3.9225,0,2,5,4,0,4,0,4,0,0,4,3,5,5,4,0,4,5,4,4,4
86,"Remains of the Day, The (1993)",0,0,0,0,0,0,1,0,0,0,0,0,1,0,0,0,0,0,3.9400,4,4,0,0,0,5,3,0,4,4,4,2,5,1,0,4,5,4,4,3,4
357,"One Flew Over the Cuckoo's Nest (1975)",0,0,0,0,0,0,1,0,0,0,0,0,0,0,0,0,0,0,4.2917,4,4,4,4,0,5,5,4,5,5,0,4,5,5,5,4,5,0,4,5,4
772,"Kids (1995)",0,0,0,0,0,0,1,0,0,0,0,0,0,0,0,0,0,0,3.0612,3,5,0,0,0,0,0,0,0,0,0,0,3,0,0,3,0,0,0,4,3
1112,"Cobb (1994)",0,0,0,0,0,0,1,0,0,0,0,0,0,0,0,0,0,0,2.8000,0,0,0,0,0,0,3,0,0,3,0,0,3,0,0,0,0,0,0,0,2
31,"Crimson Tide (1995)",0,0,0,0,0,0,1,0,0,0,0,0,0,0,1,1,0,0,3.6299,0,1,0,2,0,4,0,3,4,0,4,4,3,5,3,2,0,0,0,4,3
1166,"Love & Human Remains (1993)",0,0,0,1,0,0,1,0,0,0,0,0,0,0,0,0,0,0,3.1667,2,3,3,0,0,0,0,0,0,0,0,0,0,0,0,0,0,0,4,0,3
4,"Get Shorty (1995)",0,0,0,1,1,0,0,0,0,0,0,0,0,0,1,0,0,0,3.5502,2,4,4,4,5,0,4,5,5,3,3,4,4,4,4,4,0,3,0,4,2
578,"Demolition Man (1993)",1,1,0,0,0,0,0,0,0,0,0,0,0,1,0,0,0,0,3.1522,0,2,0,2,0,0,0,2,0,0,0,0,3,4,2,0,0,0,0,4,2
81,"Hudsucker Proxy, The (1994)",0,0,0,1,0,0,0,0,0,0,0,0,0,0,0,0,0,0,3.5545,3,1,4,4,0,0,4,5,0,4,0,3,3,5,4,4,0,4,0,4,3
179,"Clockwork Orange, A (1971)",0,0,0,0,1,0,1,0,0,0,0,0,0,1,1,0,0,0,3.9095,4,5,5,4,0,5,5,4,5,5,2,3,3,2,5,2,0,4,4,5,4
1108,"Feast of July (1995)",0,0,0,0,0,0,1,0,0,0,0,0,0,0,0,0,0,0,2.4000,0,0,0,0,0,0,3,0,0,0,0,0,0,0,0,0,0,4,0,0,3
1046,"Malice (1993)",0,0,0,0,0,0,0,0,0,0,0,0,0,0,1,0,0,0,3.1739,0,0,0,1,0,0,0,4,0,0,3,0,0,0,3,0,0,0,0,3,3
1629,"Nico Icon (1995)",0,0,0,0,0,1,0,0,0,0,0,0,0,0,0,0,0,0,4.0000,0,0,0,0,0,0,0,0,0,0,0,0,0,0,0,0,0,0,0,0,3
237,"Jerry Maguire (1996)",0,0,0,0,0,0,1,0,0,0,0,0,1,0,0,0,0,0,3.7109,3,4,4,3,0,4,3,3,4,5,4,3,3,3,5,4,4,4,3,5,3
636,"Escape from New York (1981)",1,1,0,0,0,0,0,0,0,0,0,0,0,1,1,0,0,0,3.2418,0,2,0,4,0,0,0,0,0,0,3,3,3,0,3,0,0,0,0,4,3
186,"Blues Brothers, The (1980)",1,0,0,1,0,0,0,0,0,0,1,0,0,0,0,0,0,0,3.8367,4,3,0,2,0,0,5,4,4,3,3,3,4,0,4,2,0,3,3,5,3
1407,"Specialist, The (1994)",1,0,0,0,0,0,1,0,0,0,0,0,0,0,1,0,0,0,2.2500,0,0,0,0,0,0,0,0,0,0,3,0,0,2,1,0,0,0,0,1,2
333,"Game, The (1997)",0,0,0,0,0,0,1,0,0,0,0,1,0,0,1,0,0,0,3.5936,2,2,5,0,0,0,0,0,0,0,0,0,0,4,4,2,0,4,1,4,2
1278,"Selena (1997)",0,0,0,0,0,0,1,0,0,0,1,0,0,0,0,0,0,0,3.6250,0,0,0,0,0,0,0,0,0,0,0,0,0,0,0,0,0,0,0,0,2
1448,"My Favorite Season (1993)",0,0,0,0,0,0,1,0,0,0,0,0,0,0,0,0,0,0,3.6667,0,0,0,0,0,0,0,0,0,0,0,3,0,0,0,0,0,0,0,0,3
143,"Sound of Music, The (1965)",0,0,0,0,0,0,0,0,0,0,1,0,1,0,0,0,0,0,3.7658,1,0,0,4,5,5,1,4,4,5,4,3,3,5,4,4,3,2,4,5,4
1649,"Big One, The (1997)",0,0,0,1,0,1,0,0,0,0,0,0,0,0,0,0,0,0,3.0000,0,0,0,0,0,0,0,0,0,0,0,0,0,0,0,0,0,0,0,0,3
133,"Gone with the Wind (1939)",0,0,0,0,0,0,1,0,0,0,0,0,1,0,0,1,0,0,3.8713,4,0,0,3,4,5,3,3,0,5,5,3,3,2,0,4,0,0,4,0,4
1147,"My Family (1995)",0,0,0,0,0,0,1,0,0,0,0,0,0,0,0,0,0,0,3.6667,3,0,0,4,0,0,0,4,0,4,4,0,0,4,0,0,0,0,0,0,3
345,"Deconstructing Harry (1997)",0,0,0,1,0,0,1,0,0,0,0,0,0,0,0,0,0,0,3.4000,4,0,4,0,0,0,0,0,0,2,0,0,0,5,0,0,0,2,4,0,3
1024,"Mrs. Dalloway (1997)",0,0,0,0,0,0,1,0,0,0,0,0,1,0,0,0,0,0,3.6000,0,0,0,0,0,0,0,0,0,0,0,0,0,0,0,0,0,0,0,0,3
428,"Harold and Maude (1971)",0,0,0,1,0,0,1,0,0,0,0,0,1,0,0,0,0,0,3.8182,4,0,0,0,0,0,5,5,0,4,3,4,4,0,0,4,4,4,5,4,3
1097,"Hate (Haine, La) (1995)",0,0,0,0,1,0,1,0,0,0,0,0,0,0,0,0,0,0,3.5000,0,0,4,0,0,4,0,0,0,0,0,0,0,0,3,4,0,0,0,0,3
289,"Evita (1996)",0,0,0,0,0,0,1,0,0,0,1,0,0,0,0,0,0,0,2.9807,1,2,4,0,0,3,0,0,3,0,5,4,0,3,2,0,0,3,3,2,3
959,"Dazed and Confused (1993)",0,0,0,1,0,0,0,0,0,0,0,0,0,0,0,0,0,0,3.4688,3,0,0,0,0,0,4,3,0,0,3,2,0,5,0,5,0,0,0,4,3
1029,"Jury Duty (1995)",0,0,0,1,0,0,0,0,0,0,0,0,0,0,0,0,0,0,2.0000,0,0,0,0,0,0,0,0,0,0,0,0,0,0,0,0,0,0,0,0,1
628,"Sleepers (1996)",0,0,0,0,0,0,0,0,0,0,0,0,0,0,1,0,0,0,3.5148,2,0,3,3,0,0,0,3,4,4,0,2,3,4,0,2,0,4,0,4,3
252,"Lost World: Jurassic Park, The (1997)",1,1,0,0,0,0,0,0,0,0,0,0,0,1,1,0,0,0,2.9430,0,0,3,2,0,0,0,0,4,3,4,0,0,4,3,0,2,0,0,3,2
1170,"Spanking the Monkey (1994)",0,0,0,1,0,0,1,0,0,0,0,0,0,0,0,0,0,0,3.0741,0,4,0,0,0,0,0,0,0,0,0,1,0,0,0,4,0,4,3,4,3
1169,"Fresh (1994)",0,0,0,0,1,0,1,0,0,0,0,0,0,0,1,0,0,0,4.1000,0,4,0,0,0,0,0,5,0,0,0,4,0,0,0,0,0,0,4,0,3
724,"Circle of Friends (1995)",0,0,0,0,0,0,1,0,0,0,0,0,1,0,0,0,0,0,3.4868,3,0,0,3,0,0,5,0,0,5,3,4,0,4,0,0,4,0,0,0,3
77,"Firm, The (1993)",0,0,0,0,0,0,1,0,0,0,0,0,0,0,1,0,0,0,3.2781,0,2,0,2,0,0,4,3,5,4,4,3,3,4,4,0,3,3,0,3,3
640,"Cook the Thief His Wife & Her Lover, The (1989)",0,0,0,1,0,0,1,0,0,0,0,0,0,0,0,0,0,0,3.0244,3,4,0,0,0,0,5,4,0,0,0,0,3,0,0,0,4,4,0,4,2
869,"Fools Rush In (1997)",0,0,0,1,0,0,1,0,0,0,0,0,1,0,0,0,0,0,3.0000,0,0,0,0,0,0,0,0,0,4,0,0,0,3,2,0,0,0,0,0,2
47,"Ed Wood (1994)",0,0,0,1,0,0,1,0,0,0,0,0,0,0,0,0,0,0,3.6015,4,4,5,3,0,0,5,4,4,3,4,2,4,0,5,4,4,4,0,4,3
293,"Donnie Brasco (1997)",0,0,0,0,1,0,1,0,0,0,0,0,0,0,0,0,0,0,3.8027,0,0,5,4,0,0,0,4,4,0,0,0,4,5,4,3,0,3,0,4,4
654,"Chinatown (1974)",0,0,0,0,1,0,0,0,1,0,0,1,0,0,1,0,0,0,4.1361,3,3,5,5,0,5,4,5,5,4,0,5,4,0,5,0,4,0,4,0,3
304,"Fly Away Home (1996)",0,1,0,0,0,0,0,0,0,0,0,0,0,0,0,0,0,0,3.5369,0,2,0,0,0,0,0,0,0,4,4,3,0,5,0,0,0,3,0,0,2
507,"Streetcar Named Desire, A (1951)",0,0,0,0,0,0,1,0,0,0,0,0,0,0,0,0,0,0,3.8163,4,0,0,4,0,5,4,3,4,5,0,4,5,0,5,4,0,0,4,0,4
1214,"In the Realm of the Senses (Ai no corrida) (1976)",0,0,0,0,0,0,1,0,0,0,0,0,0,0,0,0,0,0,2.0000,0,0,0,0,0,0,0,0,0,0,0,0,0,0,0,0,0,0,0,0,2
655,"Stand by Me (1986)",0,1,0,0,0,0,1,0,0,0,0,0,0,0,0,0,0,0,3.8811,3,4,5,3,0,0,5,4,5,4,4,3,3,5,5,4,3,4,3,4,3
218,"Cape Fear (1991)",0,0,0,0,0,0,0,0,0,0,0,0,0,0,1,0,0,0,3.4561,0,4,0,2,0,5,5,5,4,4,3,2,3,3,4,3,3,3,0,4,3
511,"Lawrence of Arabia (1962)",0,1,0,0,0,0,1,0,0,0,0,0,0,0,0,1,0,0,4.2312,5,3,0,0,0,5,5,5,5,5,0,5,5,0,0,0,4,0,4,0,3
344,"Apostle, The (1997)",0,0,0,0,0,0,1,0,0,0,0,0,0,0,0,0,0,0,3.6545,0,0,4,0,0,0,0,0,0,0,0,0,0,0,0,4,0,0,0,0,4
632,"Sophie's Choice (1982)",0,0,0,0,0,0,1,0,0,0,0,0,0,0,0,0,0,0,3.8966,0,0,0,3,0,5,0,3,0,5,5,2,0,0,0,0,5,0,3,0,3
855,"Diva (1981)",1,0,0,0,0,0,1,0,0,0,0,1,1,0,1,0,0,0,3.7273,3,4,0,0,0,5,4,0,0,0,0,3,0,0,0,0,4,3,3,0,3
417,"Parent Trap, The (1961)",0,0,0,1,0,0,0,0,0,0,0,0,1,0,0,0,0,0,3.0959,2,0,0,0,0,0,0,3,0,4,3,3,0,3,0,0,0,0,3,4,2
1406,"When Night Is Falling (1995)",0,0,0,0,0,0,1,0,0,0,0,0,1,0,0,0,0,0,3.4000,0,0,0,0,0,0,0,0,0,0,0,0,0,0,0,0,0,0,0,0,3
468,"Rudy (1993)",0,0,0,0,0,0,1,0,0,0,0,0,0,0,0,0,0,0,3.3125,2,4,0,2,0,0,3,0,4,4,5,0,3,5,0,0,0,0,0,0,3
761,"Nick of Time (1995)",1,0,0,0,0,0,0,0,0,0,0,0,0,0,1,0,0,0,3.0455,0,0,0,2,0,0,0,0,0,4,0,0,2,4,0,0,0,2,0,0,2
82,"Jurassic Park (1993)",1,1,0,0,0,0,0,0,0,0,0,0,0,1,1,0,0,0,3.7203,2,4,0,4,4,0,5,4,0,3,4,3,4,5,4,2,3,4,3,4,2
1100,"What Happened Was... (1994)",0,0,0,1,0,0,1,0,0,0,0,0,1,0,1,0,0,0,2.6250,0,4,0,0,0,0,0,0,0,0,0,2,0,0,0,4,0,0,0,0,3
150,"Swingers (1996)",0,0,0,1,0,0,1,0,0,0,0,0,0,0,0,0,0,0,3.8280,3,4,5,3,0,3,0,0,5,0,0,0,5,5,5,4,0,4,3,4,3
433,"Heathers (1989)",0,0,0,1,0,0,0,0,0,0,0,0,0,0,0,0,0,0,3.6901,4,0,5,3,0,3,5,5,0,3,4,2,3,4,4,4,0,5,3,4,2
387,"Age of Innocence, The (1993)",0,0,0,0,0,0,1,0,0,0,0,0,0,0,0,0,0,0,3.3846,4,2,0,0,0,5,3,0,0,5,4,0,4,3,5,0,4,4,0,3,3
1267,"Clockers (1995)",0,0,0,0,1,0,1,0,0,0,0,1,0,0,0,0,0,0,3.0000,3,3,0,3,0,0,0,0,0,0,3,0,0,0,3,0,0,0,0,4,2
936,"Brassed Off (1996)",0,0,0,1,0,0,1,0,0,0,0,0,1,0,0,0,0,0,3.9375,0,0,4,0,0,0,0,0,0,5,0,0,4,5,0,0,0,3,0,0,3
672,"Candyman (1992)",0,0,0,0,0,0,0,0,0,1,0,0,0,0,1,0,0,0,2.7231,0,2,0,0,0,0,5,0,0,0,0,0,2,0,0,2,0,0,0,3,2
454,"Bastard Out of Carolina (1996)",0,0,0,0,0,0,1,0,0,0,0,0,0,0,0,0,0,0,2.8750,0,2,0,0,0,2,0,0,0,0,0,0,0,0,0,0,0,0,0,0,3
23,"Taxi Driver (1976)",0,0,0,0,1,0,1,0,0,0,0,0,0,0,1,0,0,0,4.1209,4,4,5,4,0,5,5,5,4,5,0,4,4,0,5,4,0,4,4,5,3
1632,"Land and Freedom (Tierra y libertad) (1995)",0,0,0,0,0,0,1,0,0,0,0,0,0,0,0,1,0,0,3.0000,0,0,0,0,0,0,0,0,0,0,0,0,0,0,0,0,0,0,0,0,3
796,"Speechless (1994)",0,0,0,1,0,0,0,0,0,0,0,0,1,0,0,0,0,0,3.0833,0,0,0,0,0,0,0,0,0,0,2,0,3,0,0,0,0,0,0,1,2
480,"North by Northwest (1959)",1,1,0,0,0,0,0,0,0,0,0,1,1,0,1,0,0,0,4.2849,4,4,4,5,4,5,5,4,5,4,0,4,4,5,4,0,4,0,4,0,4
782,"Little Odessa (1994)",0,0,0,0,1,0,1,0,0,0,0,0,0,0,0,0,0,0,2.6000,3,0,2,0,0,0,0,0,0,0,0,3,0,0,0,0,0,0,2,0,3
639,"Tin Drum, The (Blechtrommel, Die) (1979)",0,0,0,0,0,0,1,0,0,0,0,0,0,0,0,1,0,0,3.7000,2,0,0,0,0,5,0,0,0,0,0,0,0,0,0,0,3,0,3,0,3
1070,"Living in Oblivion (1995)",0,0,0,1,0,0,0,0,0,0,0,0,0,0,0,0,0,0,3.7407,3,5,5,0,0,0,0,0,0,0,0,0,0,0,0,4,0,0,4,0,4
476,"First Wives Club, The (1996)",0,0,0,1,0,0,0,0,0,0,0,0,0,0,0,0,0,0,3.0188,0,0,0,0,0,0,2,0,0,4,3,0,0,5,3,2,2,3,3,0,2
1068,"Star Maker, The (Uomo delle stelle, L') (1995)",0,0,0,0,0,0,1,0,0,0,0,0,0,0,0,0,0,0,3.1667,3,0,0,0,0,0,0,0,0,0,0,0,0,0,0,0,0,0,0,0,3
262,"In the Company of Men (1997)",0,0,0,1,0,0,1,0,0,0,0,0,0,0,0,0,0,0,3.7121,5,0,5,0,0,0,0,0,0,0,0,0,0,0,5,0,5,0,0,4,5
137,"Big Night (1996)",0,0,0,1,0,0,1,0,0,0,0,0,0,0,0,0,0,0,3.9006,4,4,5,3,0,5,5,0,5,0,0,3,5,3,4,0,5,2,0,0,4
1628,"Lamerica (1994)",0,1,0,0,0,0,1,0,0,0,0,0,0,0,0,0,0,0,3.7500,0,0,0,0,0,0,0,0,0,0,0,0,0,0,0,0,0,0,0,0,2
1131,"Safe (1995)",0,0,0,0,0,0,0,0,0,0,0,0,0,0,1,0,0,0,4.0000,0,5,0,0,0,0,0,0,0,0,0,0,0,0,0,4,0,0,4,3,5
1195,"Strawberry and Chocolate (Fresa y chocolate) (1993)",0,0,0,0,0,0,1,0,0,0,0,0,0,0,0,0,0,0,3.2727,0,0,0,0,0,5,0,0,0,0,0,0,0,0,0,0,3,0,0,0,3
651,"Glory (1989)",0,0,0,0,0,0,1,0,0,0,0,0,0,0,0,1,0,0,4.0760,3,4,0,3,0,5,5,0,5,5,4,4,4,4,5,4,3,0,0,0,4
167,"Private Benjamin (1980)",0,0,0,1,0,0,0,0,0,0,0,0,0,0,0,0,0,0,2.9552,0,0,0,3,0,0,0,0,0,5,4,0,3,0,3,0,0,0,0,0,4
8,"Babe (1995)",0,0,0,0,0,0,1,0,0,0,0,0,0,0,0,0,0,0,3.9954,0,3,5,3,0,5,0,5,5,0,4,5,3,5,5,4,0,4,4,4,3
79,"Fugitive, The (1993)",0,0,0,0,0,0,0,0,0,0,0,0,0,0,1,0,0,0,4.0446,3,4,4,3,0,4,5,4,5,4,4,3,4,5,5,3,3,4,3,4,5
975,"Fear (1996)",0,0,0,0,0,0,0,0,0,0,0,0,0,0,1,0,0,0,3.1591,3,0,4,0,0,0,4,0,0,0,0,0,0,2,0,0,0,0,0,3,3
572,"Blown Away (1994)",1,0,0,0,0,0,0,0,0,0,0,0,0,0,1,0,0,0,2.7586,0,0,0,2,0,0,0,0,0,0,3,0,0,0,0,0,0,0,0,3,2
313,"Titanic (1997)",0,0,0,0,0,0,1,0,0,0,0,0,1,0,0,0,0,0,4.2457,4,5,5,4,0,5,5,3,4,5,5,4,0,5,0,4,4,4,4,5,4
914,"Wild Things (1998)",0,0,0,0,1,0,1,0,0,0,0,1,0,0,1,0,0,0,2.7273,0,0,0,0,0,0,0,0,0,0,0,0,0,0,0,0,0,0,0,0,3
727,"Immortal Beloved (1994)",0,0,0,0,0,0,1,0,0,0,0,0,1,0,0,0,0,0,3.4603,2,0,0,0,0,0,2,0,0,4,4,3,0,5,0,0,0,0,0,3,2
116,"Cold Comfort Farm (1995)",0,0,0,1,0,0,0,0,0,0,0,0,0,0,0,0,0,0,3.8240,3,1,4,0,0,0,4,4,5,0,0,2,0,0,5,0,4,4,0,0,2
1176,"Welcome to Sarajevo (1997)",0,0,0,0,0,0,1,0,0,0,0,0,0,0,0,1,0,0,3.3636,0,0,0,0,0,0,0,0,0,0,0,0,0,0,0,0,0,0,0,0,4
403,"Batman (1989)",1,0,0,0,1,0,0,0,0,0,0,0,0,0,1,0,0,0,3.4279,0,3,0,3,0,0,5,4,0,4,4,1,4,5,5,3,3,4,0,4,2
89,"Blade Runner (1982)",1,0,0,0,0,0,0,0,0,0,0,0,0,1,1,0,0,0,4.1382,4,3,4,5,0,5,5,5,5,5,4,3,4,0,0,4,4,4,4,5,4
690,"Seven Years in Tibet (1997)",0,1,0,0,0,0,1,0,0,0,0,0,0,0,0,1,0,0,3.4581,2,0,0,0,0,4,0,0,0,0,0,0,0,5,0,0,0,0,2,0,2
316,"As Good as It Gets (1997)",0,0,0,1,0,0,1,0,0,0,0,0,1,0,0,0,0,0,4.1964,0,0,0,3,0,5,0,0,5,4,0,4,0,3,0,0,0,4,3,4,4
280,"Up Close and Personal (1996)",0,0,0,0,0,0,1,0,0,0,0,0,1,0,0,0,0,0,3.1882,0,0,0,2,0,0,0,0,0,4,2,3,2,0,0,0,0,0,0,0,2
1084,"Anne Frank Remembered (1995)",0,0,0,0,0,1,0,0,0,0,0,0,0,0,0,0,0,0,3.8571,3,0,0,0,0,0,0,0,0,0,0,0,0,0,0,0,0,0,0,0,3
239,"Sneakers (1992)",1,0,0,1,1,0,1,0,0,0,0,0,0,1,0,0,0,0,3.5133,2,1,0,3,0,0,0,3,0,5,3,0,0,5,3,3,0,3,0,4,2
722,"Nine Months (1995)",0,0,0,1,0,0,0,0,0,0,0,0,1,0,0,0,0,0,2.9310,0,0,0,0,0,0,0,0,0,5,3,0,0,0,2,0,0,0,0,0,1
726,"Fluke (1995)",0,0,0,0,0,0,1,0,0,0,0,0,0,0,0,0,0,0,2.4286,0,0,0,0,0,0,0,0,0,0,0,0,2,0,0,0,0,0,0,0,2
1284,"Before and After (1996)",0,0,0,0,0,0,1,0,0,0,0,1,0,0,0,0,0,0,2.8462,0,0,0,0,0,0,0,0,0,3,2,0,0,0,0,0,0,0,0,0,2
284,"Tin Cup (1996)",0,0,0,1,0,0,1,0,0,0,0,0,1,0,0,0,0,0,3.1606,3,3,0,2,0,0,2,4,4,4,3,3,3,4,4,0,0,0,3,4,2
1638,"Normal Life (1996)",0,0,0,0,1,0,1,0,0,0,0,0,1,0,0,0,0,0,3.0000,0,0,0,0,0,0,0,0,0,0,0,0,0,0,0,0,0,0,0,0,3
733,"Go Fish (1994)",0,0,0,0,0,0,1,0,0,0,0,0,1,0,0,0,0,0,3.2000,3,3,0,0,0,0,0,0,0,0,0,0,0,0,0,0,0,0,0,0,3
867,"Whole Wide World, The (1996)",0,0,0,0,0,0,1,0,0,0,0,0,0,0,0,0,0,0,4.0000,0,0,0,0,0,0,0,0,0,0,0,4,0,0,3,0,0,0,0,0,4
196,"Dead Poets Society (1989)",0,0,0,0,0,0,1,0,0,0,0,0,0,0,0,0,0,0,3.9163,3,4,5,4,5,4,5,3,5,5,4,3,4,5,0,4,4,4,4,4,3
773,"Mute Witness (1994)",0,0,0,1,0,0,0,0,0,1,0,0,0,0,1,0,0,0,2.9412,0,4,0,0,0,0,0,0,0,0,0,0,0,0,4,0,0,0,0,3,3
521,"Deer Hunter, The (1978)",0,0,0,0,0,0,1,0,0,0,0,0,0,0,0,1,0,0,3.8333,2,2,5,3,0,4,5,3,5,4,0,3,0,0,0,0,4,4,3,0,3
1153,"Backbeat (1993)",0,0,0,0,0,0,1,0,0,0,1,0,0,0,0,0,0,0,3.4737,0,2,0,0,0,0,0,0,0,5,0,0,0,0,3,0,0,0,4,0,3
1223,"King of the Hill (1993)",0,0,0,0,0,0,1,0,0,0,0,0,0,0,0,0,0,0,3.5000,0,0,0,0,0,0,0,0,0,0,0,0,0,0,0,0,0,0,0,0,3
741,"Last Supper, The (1995)",0,0,0,0,0,0,1,0,0,0,0,0,0,0,1,0,0,0,3.4483,2,0,0,0,0,0,4,4,0,3,0,0,0,0,4,0,0,0,0,0,3
694,"Persuasion (1995)",0,0,0,0,0,0,1,0,0,0,0,0,1,0,0,0,0,0,4.0455,4,0,0,0,0,0,0,0,0,0,3,3,0,0,0,0,5,0,0,0,3
813,"Celluloid Closet, The (1995)",0,0,0,0,0,1,0,0,0,0,0,0,0,0,0,0,0,0,3.8929,0,0,4,0,0,4,0,0,0,0,0,0,0,0,4,0,4,0,4,0,3
954,"Unzipped (1995)",0,0,0,0,0,1,0,0,0,0,0,0,0,0,0,0,0,0,3.5455,0,0,0,0,0,4,0,0,0,0,0,0,0,0,0,0,0,0,0,0,2
43,"Disclosure (1994)",0,0,0,0,0,0,1,0,0,0,0,0,0,0,1,0,0,0,3.0000,0,0,0,0,0,0,0,0,0,4,3,0,0,1,3,0,0,0,0,1,3
1221,"When a Man Loves a Woman (1994)",0,0,0,0,0,0,1,0,0,0,0,0,1,0,0,0,0,0,3.4872,0,0,0,0,0,0,0,0,4,5,3,4,0,5,0,0,0,0,0,3,3
87,"Searching for Bobby Fischer (1993)",0,0,0,0,0,0,1,0,0,0,0,0,0,0,0,0,0,0,3.9058,3,3,4,4,0,0,4,4,4,5,4,3,3,5,3,3,0,0,4,0,3
910,"Nil By Mouth (1997)",0,0,0,0,0,0,1,0,0,0,0,0,0,0,0,0,0,0,2.0000,0,0,0,0,0,0,0,0,0,0,0,0,0,0,0,0,0,0,0,0,3
1161,"Palookaville (1996)",1,0,0,1,0,0,1,0,0,0,0,0,0,0,0,0,0,0,2.9231,0,0,0,2,0,0,0,0,0,0,0,0,0,0,0,0,0,0,0,0,3
1136,"Ghosts of Mississippi (1996)",0,0,0,0,0,0,1,0,0,0,0,0,0,0,0,0,0,0,3.4828,0,1,0,0,0,3,0,0,0,0,0,0,4,4,0,0,4,0,3,0,2
402,"Ghost (1990)",0,0,0,1,0,0,1,1,0,0,0,0,1,0,1,0,0,0,3.4647,1,2,0,2,5,5,4,4,0,4,4,0,0,5,4,0,3,0,0,3,2
270,"Gattaca (1997)",0,0,0,0,0,0,1,0,0,0,0,0,0,1,1,0,0,0,3.5956,3,0,0,0,0,4,0,0,0,4,0,0,0,0,4,0,0,0,3,4,4
32,"Crumb (1994)",0,0,0,0,0,1,0,0,0,0,0,0,0,0,0,0,0,0,3.7901,3,3,5,0,0,0,4,5,0,0,0,3,4,2,0,4,0,0,0,0,4
709,"Strictly Ballroom (1992)",0,0,0,1,0,0,0,0,0,0,0,0,1,0,0,0,0,0,4.0288,4,0,0,0,0,5,5,3,5,3,4,4,4,0,5,4,0,4,5,4,3
427,"To Kill a Mockingbird (1962)",0,0,0,0,0,0,1,0,0,0,0,0,0,0,0,0,0,0,4.2922,4,0,5,4,0,5,5,4,5,5,0,4,5,5,4,0,0,4,3,5,4
520,"Great Escape, The (1963)",1,1,0,0,0,0,1,0,0,0,0,0,0,0,0,1,0,0,4.1048,0,0,0,0,0,0,0,4,5,5,0,4,3,5,0,0,0,0,3,0,3
208,"Young Frankenstein (1974)",0,0,0,1,0,0,0,1,0,0,0,0,0,0,0,0,0,0,3.9450,4,0,0,3,0,3,5,4,3,5,0,4,4,0,5,0,4,5,5,0,3
1007,"Waiting for Guffman (1996)",0,0,0,1,0,0,0,0,0,0,0,0,0,0,0,0,0,0,4.1277,0,0,0,0,0,0,0,0,0,0,0,0,0,5,5,4,0,0,0,0,3
723,"Boys on the Side (1995)",0,0,0,1,0,0,1,0,0,0,0,0,0,0,0,0,0,0,3.1471,2,0,0,0,0,0,0,0,0,3,3,0,0,4,0,0,0,0,0,0,3
1009,"Stealing Beauty (1996)",0,0,0,0,0,0,1,0,0,0,0,0,0,0,0,0,0,0,3.3750,2,0,3,0,0,0,4,0,4,0,3,0,0,0,0,0,0,0,2,0,2
1529,"Underground (1995)",0,0,0,1,0,0,1,0,0,0,0,0,0,0,0,1,0,0,2.8000,0,0,0,0,0,0,0,0,0,0,0,0,0,0,0,0,0,0,0,0,2
207,"Cyrano de Bergerac (1990)",0,0,0,1,0,0,1,0,0,0,0,0,1,0,0,0,0,0,3.8182,4,3,0,0,0,0,0,0,4,4,4,2,4,0,0,0,4,4,0,4,3
356,"Client, The (1994)",0,0,0,0,0,0,1,0,0,0,0,1,0,0,1,0,0,0,3.3814,0,0,0,3,0,4,0,3,5,4,4,0,3,5,0,0,0,0,0,3,3
315,"Apt Pupil (1998)",0,0,0,0,0,0,1,0,0,0,0,0,0,0,1,0,0,0,4.1000,4,3,5,3,0,0,0,0,5,4,0,0,0,3,0,0,0,4,0,4,4
1022,"Fast, Cheap & Out of Control (1997)",0,0,0,0,0,1,0,0,0,0,0,0,0,0,0,0,0,0,3.4375,0,0,5,0,0,0,0,0,0,0,0,0,0,0,0,0,0,0,0,0,3
1232,"Madonna: Truth or Dare (1991)",0,0,0,0,0,1,0,0,0,0,1,0,0,0,0,0,0,0,2.4706,0,0,0,0,0,0,0,0,0,0,3,0,0,0,3,0,3,0,0,3,3
1421,"My Crazy Life (Mi vida loca) (1993)",0,0,0,0,0,0,1,0,0,0,0,0,0,0,0,0,0,0,3.1818,0,3,0,2,0,0,0,4,4,4,0,0,0,0,0,0,0,0,0,0,3
1475,"Bhaji on the Beach (1993)",0,0,0,1,0,0,1,0,0,0,0,0,0,0,0,0,0,0,2.8750,2,0,0,0,0,0,0,0,0,0,0,0,0,0,0,0,0,0,0,0,3
459,"Cry, the Beloved Country (1995)",0,0,0,0,0,0,1,0,0,0,0,0,0,0,0,0,0,0,3.7500,3,0,0,0,0,0,0,0,0,0,0,0,0,0,0,0,0,0,0,0,2
382,"Adventures of Priscilla, Queen of the Desert, The (1994)",0,0,0,1,0,0,1,0,0,0,0,0,0,0,0,0,0,0,3.5946,3,0,4,0,0,5,4,4,3,3,4,0,3,0,3,3,5,0,4,4,3
612,"Lost Horizon (1937)",0,0,0,0,0,0,1,0,0,0,0,0,0,0,0,0,0,0,3.9412,0,0,0,0,0,0,3,0,0,4,0,3,0,0,0,0,0,0,0,0,3
860,"Believers, The (1987)",0,0,0,0,0,0,0,0,0,1,0,0,0,0,1,0,0,0,2.2500,0,0,0,0,0,0,0,0,0,0,0,0,0,0,0,0,0,0,0,0,3
766,"Man of the Year (1995)",0,0,0,0,0,1,0,0,0,0,0,0,0,0,0,0,0,0,3.1111,0,0,0,0,0,0,0,0,0,0,0,0,0,0,0,0,3,0,0,0,3
529,"My Life as a Dog (Mitt liv som hund) (1985)",0,0,0,1,0,0,1,0,0,0,0,0,0,0,0,0,0,0,3.9785,3,0,0,0,0,5,4,0,5,0,0,0,4,0,0,3,4,5,3,0,4
1067,"Bottle Rocket (1996)",0,1,0,1,1,0,0,0,0,0,0,0,1,0,0,0,0,0,3.4545,0,0,5,0,0,0,0,0,0,0,0,0,0,0,0,4,0,0,0,0,2
805,"Manhattan Murder Mystery (1993)",0,0,0,1,0,0,0,0,0,0,0,1,0,0,0,0,0,0,3.6296,0,0,0,0,0,0,0,4,0,0,0,0,3,0,4,4,3,0,0,0,2
1262,"Walking and Talking (1996)",0,0,0,1,0,0,1,0,0,0,0,0,1,0,0,0,0,0,3.6250,0,0,0,0,0,0,0,0,0,0,0,0,0,5,0,0,0,0,0,0,3
318,"Schindler's List (1993)",0,0,0,0,0,0,1,0,0,0,0,0,0,0,0,1,0,0,4.4664,4,5,5,0,5,5,5,4,5,5,5,4,5,5,5,5,5,4,4,5,4
65,"What's Eating Gilbert Grape (1993)",0,0,0,0,0,0,1,0,0,0,0,0,0,0,0,0,0,0,3.5391,3,4,0,3,0,4,4,3,0,3,3,0,3,5,4,2,4,0,3,4,2
1213,"Guilty as Sin (1993)",0,0,0,0,1,0,1,0,0,0,0,0,0,0,1,0,0,0,2.1667,0,0,0,0,0,0,0,0,0,0,0,0,0,0,0,0,0,0,0,1,2
391,"Last Action Hero (1993)",1,1,0,1,0,0,0,1,0,0,0,0,0,0,0,0,0,0,2.7458,0,0,0,0,0,0,0,0,0,0,0,0,0,0,1,0,0,0,0,2,2
847,"Looking for Richard (1996)",0,0,0,0,0,1,1,0,0,0,0,0,0,0,0,0,0,0,3.7273,0,2,5,0,0,5,0,0,0,4,0,4,3,0,4,0,0,0,0,0,2
191,"Amadeus (1984)",0,0,0,0,0,0,1,0,0,0,0,0,0,0,0,0,0,0,4.1630,4,4,5,0,5,5,4,4,5,5,5,4,5,5,5,4,4,4,4,0,4
792,"Bullets Over Broadway (1994)",0,0,0,1,0,0,0,0,0,0,0,0,0,0,0,0,0,0,3.7209,3,4,0,0,0,0,4,3,4,4,4,4,0,4,5,4,4,4,4,0,3
1045,"Fearless (1993)",0,0,0,0,0,0,1,0,0,0,0,0,0,0,0,0,0,0,3.2400,3,2,0,0,0,2,0,4,4,0,0,0,0,0,0,0,0,0,0,0,3
1466,"Margaret's Museum (1995)",0,0,0,0,0,0,1,0,0,0,0,0,0,0,0,0,0,0,4.0000,0,0,0,0,0,0,0,0,0,0,0,0,0,0,0,0,0,0,0,0,3
269,"Full Monty, The (1997)",0,0,0,1,0,0,1,0,0,0,0,0,0,0,0,0,0,0,3.9270,3,3,4,0,0,5,0,0,0,5,4,0,0,4,5,3,0,3,3,4,3
619,"Extreme Measures (1996)",0,0,0,0,0,0,1,0,0,0,0,0,0,0,1,0,0,0,3.1719,0,0,1,1,0,0,0,0,0,3,3,2,0,4,3,0,0,0,0,0,3
995,"Kiss Me, Guido (1997)",0,0,0,1,0,0,0,0,0,0,0,0,0,0,0,0,0,0,3.1613,0,0,0,0,0,4,0,0,0,0,0,0,0,0,0,0,3,0,0,0,3
514,"Annie Hall (1977)",0,0,0,1,0,0,0,0,0,0,0,0,1,0,0,0,0,0,3.9111,4,3,5,4,0,3,5,4,4,5,0,0,3,0,5,4,5,4,5,0,5
423,"E.T. the Extra-Terrestrial (1982)",0,0,0,0,0,0,1,0,0,0,0,0,0,1,0,0,0,0,3.8333,2,4,5,3,0,5,5,5,5,5,4,4,4,4,4,3,4,5,4,5,3
249,"Austin Powers: International Man of Mystery (1997)",1,1,0,1,0,0,0,0,0,0,0,0,0,0,0,0,0,0,3.2462,0,0,4,3,0,0,0,0,0,0,0,0,4,3,4,2,0,0,0,4,3
165,"Jean de Florette (1986)",0,0,0,0,0,0,1,0,0,0,0,1,0,0,0,0,0,0,4.1094,0,0,0,3,0,0,0,3,0,0,0,5,5,0,0,0,4,0,0,0,3
385,"True Lies (1994)",1,1,0,1,0,0,0,0,0,0,0,0,1,0,1,0,0,0,3.5625,2,2,0,0,0,4,4,4,4,4,4,2,3,5,4,0,0,0,3,4,3
945,"Charade (1963)",0,0,0,1,1,0,0,0,0,0,0,1,1,0,1,0,0,0,3.9250,0,0,0,0,0,5,0,4,4,0,0,3,0,0,0,0,4,4,0,0,2
698,"Browning Version, The (1994)",0,0,0,0,0,0,1,0,0,0,0,0,0,0,0,0,0,0,3.0000,3,0,0,0,0,0,0,0,0,0,0,0,0,0,0,0,0,0,0,0,4
535,"Addicted to Love (1997)",0,0,0,1,0,0,0,0,0,0,0,0,1,0,0,0,0,0,3.1667,0,0,0,0,0,0,0,0,0,3,0,0,2,4,1,0,0,0,0,0,2
160,"Glengarry Glen Ross (1992)",0,0,0,0,0,0,1,0,0,0,0,0,0,0,0,0,0,0,3.4638,0,5,0,4,0,0,0,4,0,0,2,2,0,0,4,4,3,4,3,4,3
449,"Star Trek: The Motion Picture (1979)",0,1,0,0,0,0,0,0,0,0,0,0,0,1,0,0,0,0,3.0342,0,0,0,0,0,0,0,3,0,0,3,0,0,0,4,0,0,3,4,2,3
1008,"I Shot Andy Warhol (1996)",0,0,0,0,0,0,1,0,0,0,0,0,0,0,0,0,0,0,3.3784,2,3,4,0,0,0,0,0,0,0,0,0,0,0,0,0,4,4,0,0,3
20,"Angels and Insects (1995)",0,0,0,0,0,0,1,0,0,0,0,0,1,0,0,0,0,0,3.4167,3,2,4,0,0,4,0,0,0,0,0,4,0,0,0,0,4,4,0,0,3
880,"Soul Food (1997)",0,0,0,0,0,0,1,0,0,0,0,0,0,0,0,0,0,0,3.1695,0,0,0,0,0,0,0,0,0,0,0,0,0,0,0,0,0,0,0,0,2
265,"Hunt for Red October, The (1990)",1,1,0,0,0,0,0,0,0,0,0,0,0,0,1,0,0,0,3.8634,3,3,4,3,0,0,4,3,5,5,4,3,4,5,0,2,0,3,0,4,3
513,"Third Man, The (1949)",0,0,0,0,0,0,0,0,1,0,0,1,0,0,1,0,0,0,4.3333,4,3,0,5,0,0,4,3,5,0,0,5,0,0,0,0,0,0,4,0,3
159,"Basic Instinct (1992)",0,0,0,0,1,0,0,0,0,0,0,1,0,0,1,0,0,0,3.2277,0,0,0,3,4,0,0,0,0,0,3,0,3,1,3,0,0,0,0,3,3
731,"Corrina, Corrina (1994)",0,0,0,1,0,0,1,0,0,0,0,0,1,0,0,0,0,0,3.1538,0,0,0,0,0,0,0,0,0,3,3,2,0,0,0,0,0,0,0,0,3
166,"Manon of the Spring (Manon des sources) (1986)",0,0,0,0,0,0,1,0,0,0,0,0,0,0,0,0,0,0,4.1207,0,0,0,3,0,4,0,3,0,5,0,5,5,0,0,0,3,0,0,0,3
1107,"Beyond Rangoon (1995)",0,1,0,0,0,0,1,0,0,0,0,0,0,0,0,1,0,0,3.0556,0,0,0,0,0,0,4,0,0,4,3,0,0,0,0,0,0,0,0,0,4
607,"Rebecca (1940)",0,0,0,0,0,0,1,0,0,0,0,1,1,0,1,0,0,0,3.9697,4,4,0,0,0,5,0,3,4,5,0,4,3,5,0,0,0,3,0,0,4
735,"Philadelphia (1993)",0,0,0,0,0,0,1,0,0,0,0,0,0,0,0,0,0,0,3.8540,3,3,5,0,5,0,5,0,4,4,4,3,4,5,4,2,3,0,3,4,3
581,"Kalifornia (1993)",0,0,0,0,0,0,1,0,0,0,0,0,0,0,1,0,0,0,3.2203,3,3,0,0,0,0,5,4,0,0,0,0,2,0,0,0,0,0,0,4,2
53,"Natural Born Killers (1994)",1,0,0,0,1,0,0,0,0,0,0,0,0,0,1,0,0,0,2.9531,2,3,0,3,0,0,5,0,0,0,3,0,1,2,3,0,0,0,3,4,2
955,"Before Sunrise (1995)",0,0,0,0,0,0,1,0,0,0,0,0,1,0,0,0,0,0,3.4082,4,3,0,2,0,0,0,0,0,0,0,0,0,4,0,0,0,1,4,0,3
222,"Star Trek: First Contact (1996)",1,1,0,0,0,0,0,0,0,0,0,0,0,1,1,0,0,0,3.6603,2,3,1,3,0,0,0,0,4,3,3,3,4,0,3,2,0,4,2,4,2
144,"Die Hard (1988)",1,0,0,0,1,0,0,0,0,0,0,0,0,0,1,0,0,0,3.8724,0,4,5,4,0,0,0,3,0,5,4,3,4,5,5,4,0,0,0,5,3
324,"Lost Highway (1997)",0,0,0,0,1,0,1,1,1,0,0,1,1,0,0,0,0,0,3.1360,0,5,4,0,0,0,0,0,0,0,0,0,0,0,3,3,0,4,0,4,3
340,"Boogie Nights (1997)",0,0,0,0,0,0,1,0,0,0,0,0,0,0,0,0,0,0,3.5873,4,5,5,0,0,4,0,0,0,4,0,0,5,0,5,4,5,3,3,5,3
213,"Room with a View, A (1986)",0,0,0,0,0,0,1,0,0,0,0,0,1,0,0,0,0,0,3.9851,4,4,0,3,0,5,0,4,4,4,5,3,0,5,0,0,5,4,4,0,4
547,"Young Poisoner's Handbook, The (1995)",0,0,0,0,1,0,1,0,0,0,0,0,0,0,0,0,0,0,3.3415,1,0,4,0,0,3,3,0,0,0,0,0,0,0,0,0,0,0,0,4,4
226,"Die Hard 2 (1990)",1,1,0,0,0,0,0,0,0,0,0,0,0,0,1,0,0,0,3.3554,2,3,0,1,0,0,4,3,0,4,3,2,3,4,4,3,0,0,0,4,3
274,"Sabrina (1995)",0,0,0,1,0,0,0,0,0,0,0,0,1,0,0,0,0,0,3.5000,2,0,0,0,0,0,1,3,3,4,3,3,3,4,0,2,4,0,0,3,3
152,"Sleeper (1973)",0,0,0,1,0,0,0,0,0,0,0,0,0,1,0,0,0,0,3.6341,0,0,0,4,0,0,0,5,0,5,0,4,0,0,4,3,0,0,5,0,3
448,"Omen, The (1976)",0,0,0,0,0,0,0,0,0,1,0,1,0,0,1,0,0,0,3.3882,3,3,0,0,0,0,4,3,5,4,0,3,3,3,0,0,0,0,0,4,4
631,"Crying Game, The (1992)",0,0,0,0,0,0,1,0,0,0,0,0,1,0,1,0,0,0,3.6218,0,2,3,0,0,5,0,0,0,4,4,3,4,3,4,3,4,4,4,3,4
800,"In the Mouth of Madness (1995)",0,0,0,0,0,0,0,0,0,1,0,0,0,0,1,0,0,0,2.8846,0,2,0,0,0,0,0,0,0,0,0,0,0,0,3,0,0,0,0,3,2
178,"12 Angry Men (1957)",0,0,0,0,0,0,1,0,0,0,0,0,0,0,0,0,0,0,4.3440,4,0,5,0,0,5,0,4,4,4,0,5,4,5,0,4,0,0,0,0,4
702,"Barcelona (1994)",0,0,0,1,0,0,0,0,0,0,0,0,1,0,0,0,0,0,3.0189,3,1,4,0,0,0,5,0,0,4,4,2,5,0,0,2,0,0,2,0,2
1516,"Wedding Gift, The (1994)",0,0,0,0,0,0,1,0,0,0,0,0,1,0,0,0,0,0,4.0000,0,0,0,0,0,0,0,0,0,0,0,0,0,5,0,0,0,0,0,0,3
844,"Freeway (1996)",0,0,0,1,1,0,1,0,0,0,0,0,0,0,1,0,0,0,3.3571,4,2,4,0,0,0,0,0,0,0,0,2,0,0,3,0,0,0,0,4,4
175,"Brazil (1985)",0,0,0,0,0,0,0,1,0,0,0,0,0,1,0,0,0,0,3.8173,4,2,0,2,0,3,4,5,4,0,4,2,0,0,0,2,3,4,4,5,3
1600,"Guantanamera (1994)",0,0,0,1,0,0,0,0,0,0,0,0,0,0,0,0,0,0,3.7500,0,0,0,0,0,0,0,0,0,0,0,0,0,0,0,0,0,0,0,0,3
246,"Chasing Amy (1997)",0,0,0,1,0,0,1,0,0,0,0,0,1,0,0,0,0,0,3.9355,0,0,5,0,0,0,0,0,0,0,0,0,0,4,5,4,0,4,4,4,3
155,"Dirty Dancing (1987)",0,0,0,0,0,0,1,0,0,0,1,0,1,0,0,0,0,0,3.1020,0,0,0,2,0,5,0,0,0,4,4,0,2,5,3,0,3,2,0,0,4
508,"People vs. Larry Flynt, The (1996)",0,0,0,1,0,0,1,0,0,0,0,0,0,0,0,0,0,0,3.5953,4,4,5,0,0,0,5,0,3,0,4,0,4,0,4,2,4,3,2,5,3
1142,"When We Were Kings (1996)",0,0,0,0,0,1,0,0,0,0,0,0,0,0,0,0,0,0,4.0455,0,0,5,0,0,0,0,0,0,0,0,0,0,0,4,0,0,0,0,0,2
224,"Ridicule (1996)",0,0,0,0,0,0,1,0,0,0,0,0,0,0,0,0,0,0,3.7045,3,0,5,0,0,0,0,0,0,0,0,4,0,0,0,0,0,2,0,0,3
312,"Midnight in the Garden of Good and Evil (1997)",0,0,0,0,1,0,1,0,0,0,0,1,0,0,0,0,0,0,3.1625,3,0,2,0,0,4,0,0,0,4,0,0,0,3,0,0,0,2,0,0,2
676,"Crucible, The (1996)",0,0,0,0,0,0,1,0,0,0,0,0,0,0,0,0,0,0,3.3377,4,2,0,0,0,2,0,0,3,0,0,0,0,5,0,3,4,0,0,0,2
638,"Return of Martin Guerre, The (Retour de Martin Guerre, Le) (1982)",0,0,0,0,0,0,1,0,0,0,0,0,0,0,0,0,0,0,3.7727,3,0,0,4,0,0,0,0,0,0,0,4,0,0,0,0,0,0,0,0,4
327,"Cop Land (1997)",1,0,0,0,1,0,1,0,0,0,0,0,0,0,1,0,0,0,3.3771,2,0,4,0,0,0,0,0,0,0,0,0,0,4,1,3,0,0,3,0,3
321,"Mother (1996)",0,0,0,1,0,0,0,0,0,0,0,0,0,0,0,0,0,0,3.1302,3,3,0,0,0,0,4,3,0,0,3,2,3,0,3,3,5,0,0,0,3
371,"Bridges of Madison County, The (1995)",0,0,0,0,0,0,1,0,0,0,0,0,1,0,0,0,0,0,3.1642,3,0,0,2,0,0,4,3,0,3,0,3,2,0,0,0,5,2,0,0,3
712,"Tin Men (1987)",0,0,0,1,0,0,1,0,0,0,0,0,0,0,0,0,0,0,3.0784,0,0,0,2,0,0,0,4,0,3,0,2,0,4,0,0,0,3,3,0,3
1265,"Star Maps (1997)",0,0,0,0,0,0,1,0,0,0,0,0,0,0,0,0,0,0,3.0526,0,0,1,0,0,0,0,0,0,0,0,0,0,0,0,0,0,0,0,0,3
1103,"Trust (1990)",0,0,0,1,0,0,1,0,0,0,0,0,1,0,0,0,0,0,3.7895,4,3,0,0,0,0,0,0,0,0,0,0,0,0,0,4,0,0,3,0,3
176,"Aliens (1986)",1,1,0,0,0,0,0,0,0,1,0,0,0,1,0,0,0,0,3.9472,2,4,5,4,0,0,5,4,5,4,4,3,3,4,5,4,4,3,0,5,2
1149,"Walkabout (1971)",0,1,0,0,0,0,1,0,0,0,0,0,0,0,0,0,0,0,3.8462,0,0,0,0,0,0,0,0,0,0,0,3,0,0,0,0,0,0,3,0,3
135,"2001: A Space Odyssey (1968)",0,1,0,0,0,0,1,0,0,0,0,0,0,1,0,0,0,0,3.9691,5,0,5,5,0,5,5,5,5,3,2,4,0,0,0,0,0,4,5,5,4
1418,"Joy Luck Club, The (1993)",0,0,0,0,0,0,1,0,0,0,0,0,1,0,0,0,0,0,3.6667,0,0,0,0,0,0,0,0,0,0,0,0,3,0,0,0,0,0,0,0,4
210,"Indiana Jones and the Last Crusade (1989)",1,1,0,0,0,0,0,0,0,0,0,0,0,0,0,0,0,0,3.9305,3,2,0,3,0,0,4,4,5,3,4,3,4,5,4,3,4,3,3,4,3
916,"Lost in Space (1998)",1,1,0,0,0,0,0,0,0,0,0,0,0,1,0,0,0,0,3.1667,0,0,0,0,0,0,0,0,0,0,0,0,0,3,0,0,0,0,0,4,2
594,"Heavy (1995)",0,0,0,0,0,0,1,0,0,0,0,0,1,0,0,0,0,0,2.4000,0,0,0,0,0,0,0,0,0,0,0,0,0,0,0,0,0,0,0,0,3
2,"GoldenEye (1995)",1,1,0,0,0,0,0,0,0,0,0,0,0,0,1,0,0,0,3.2061,0,2,0,3,0,0,0,0,0,4,2,2,3,4,3,2,0,0,0,4,3
1273,"Color of Night (1994)",0,0,0,0,0,0,1,0,0,0,0,0,0,0,1,0,0,0,2.7333,0,0,0,0,0,0,0,0,0,0,0,0,0,0,2,0,0,0,0,2,2
503,"Candidate, The (1972)",0,0,0,0,0,0,1,0,0,0,0,0,0,0,0,0,0,0,3.6410,0,0,0,4,0,0,4,0,4,4,0,2,0,0,0,0,0,0,0,0,3
736,"Shadowlands (1993)",0,0,0,0,0,0,1,0,0,0,0,0,1,0,0,0,0,0,3.9359,3,0,0,0,0,0,5,3,3,5,4,0,0,0,0,0,3,3,0,0,3
275,"Sense and Sensibility (1995)",0,0,0,0,0,0,1,0,0,0,0,0,1,0,0,0,0,0,4.0112,4,4,0,3,0,5,0,4,3,4,5,0,4,5,0,4,5,4,3,0,4
953,"Unstrung Heroes (1995)",0,0,0,1,0,0,1,0,0,0,0,0,0,0,0,0,0,0,3.3182,3,0,0,0,0,0,5,0,0,0,0,0,0,0,3,0,0,0,0,0,3
1042,"Just Cause (1995)",0,0,0,0,0,0,0,0,0,0,0,1,0,0,1,0,0,0,3.1429,0,0,0,3,0,0,0,0,0,0,3,0,0,0,0,0,0,0,0,1,2
1173,"Bliss (1997)",0,0,0,0,0,0,1,0,0,0,0,0,1,0,0,0,0,0,2.5714,0,0,0,0,0,0,0,0,0,0,0,0,0,0,0,0,0,0,4,0,2
1646,"Men with Guns (1997)",1,0,0,0,0,0,1,0,0,0,0,0,0,0,0,0,0,0,3.5000,0,0,0,0,0,0,0,0,0,0,0,0,0,0,0,0,0,0,0,0,3
197,"Graduate, The (1967)",0,0,0,1,0,0,1,0,0,0,0,0,1,0,0,0,0,0,4.1046,4,4,5,0,0,5,5,3,5,5,3,5,4,5,0,4,4,4,5,5,3
1113,"Mrs. Parker and the Vicious Circle (1994)",0,0,0,0,0,0,1,0,0,0,0,0,0,0,0,0,0,0,3.2727,3,0,0,0,0,0,4,0,3,0,0,0,3,0,0,0,0,0,2,0,3
889,"Tango Lesson, The (1997)",0,0,0,0,0,0,0,0,0,0,0,0,1,0,0,0,0,0,3.3846,0,0,0,0,0,3,0,0,0,0,0,0,0,0,0,0,0,0,0,0,3
775,"Something to Talk About (1995)",0,0,0,1,0,0,1,0,0,0,0,0,1,0,0,0,0,0,2.7692,0,0,0,0,0,0,0,0,0,4,3,0,0,4,0,0,0,0,0,0,2
525,"Big Sleep, The (1946)",0,0,0,0,1,0,0,0,1,0,0,1,0,0,0,0,0,0,4.0274,3,0,0,0,0,0,3,5,4,3,0,4,0,0,5,0,0,5,0,0,2
935,"Paradise Road (1997)",0,0,0,0,0,0,1,0,0,0,0,0,0,0,0,1,0,0,3.2857,0,0,0,0,0,0,0,0,0,0,0,0,0,0,0,0,0,0,0,0,3
182,"Goodfellas (1990)",0,0,0,0,1,0,1,0,0,0,0,0,0,0,0,0,0,0,3.9513,4,4,5,5,0,3,5,5,5,5,4,3,4,4,5,4,4,3,4,5,4
38,"Net, The (1995)",1,0,0,0,1,0,0,0,0,0,0,0,0,0,1,0,0,0,3.0083,0,0,0,1,0,0,0,0,0,4,3,0,0,3,1,0,0,2,0,3,2
584,"Secret Garden, The (1993)",0,0,0,0,0,0,1,0,0,0,0,0,0,0,0,0,0,0,3.5443,2,0,0,0,0,0,4,4,5,5,0,3,4,0,0,0,3,0,0,0,3
134,"Citizen Kane (1941)",0,0,0,0,0,0,1,0,0,0,0,1,0,0,0,0,0,0,4.2929,5,4,5,5,0,5,5,5,4,3,0,5,5,4,5,0,5,5,5,0,4
1069,"Amateur (1994)",0,0,0,0,1,0,1,0,0,0,0,0,0,0,1,0,0,0,3.1667,2,2,0,0,0,0,0,0,0,0,0,0,0,0,0,4,0,0,0,0,1
1248,"Blink (1994)",0,0,0,0,0,0,0,0,0,0,0,0,0,0,1,0,0,0,3.0000,0,0,0,2,0,0,0,0,0,4,0,0,0,0,0,0,0,0,0,0,3
52,"Madness of King George, The (1994)",0,0,0,1,0,0,1,0,0,0,0,0,0,0,0,0,0,0,3.7692,3,0,0,0,0,5,4,0,4,0,5,4,4,0,0,0,4,4,3,0,3
393,"Mrs. Doubtfire (1993)",0,0,0,1,0,0,1,0,0,0,0,0,0,0,0,0,0,0,3.4115,0,0,0,3,0,0,2,4,0,4,3,2,3,4,4,3,4,0,4,4,2
372,"Jeffrey (1995)",0,0,0,1,0,0,1,0,0,0,0,0,0,0,0,0,0,0,3.5294,0,0,0,0,0,0,0,0,0,4,0,0,0,0,0,0,3,0,4,0,3
461,"Smoke (1995)",0,0,0,1,0,0,1,0,0,0,0,0,0,0,0,0,0,0,3.6216,3,4,4,2,0,0,0,4,5,0,0,0,0,0,4,3,0,3,0,4,2
46,"Exotica (1994)",0,0,0,0,0,0,1,0,0,0,0,0,0,0,0,0,0,0,3.5556,3,4,0,0,0,0,0,0,0,0,0,0,0,0,3,0,0,0,0,3,4
1445,"Ladybird Ladybird (1994)",0,0,0,0,0,0,1,0,0,0,0,0,0,0,0,0,0,0,2.7500,3,0,0,0,0,0,0,0,0,0,0,4,0,0,0,0,0,0,0,0,3
467,"Bronx Tale, A (1993)",0,0,0,0,0,0,1,0,0,0,0,0,0,0,0,0,0,0,3.7917,3,2,5,4,0,0,0,4,4,4,0,0,4,0,0,0,0,0,0,0,3
204,"Back to the Future (1985)",0,1,0,1,0,0,0,0,0,0,0,0,0,1,0,0,0,0,3.8343,3,4,5,3,5,0,5,4,4,4,4,2,4,5,4,4,0,4,4,5,3
458,"Nixon (1995)",0,0,0,0,0,0,1,0,0,0,0,0,0,0,0,0,0,0,3.1222,3,4,3,0,0,0,4,0,0,0,4,0,0,0,3,0,3,0,3,4,3
764,"If Lucy Fell (1996)",0,0,0,1,0,0,0,0,0,0,0,0,1,0,0,0,0,0,2.7586,0,0,0,0,0,0,4,0,0,0,0,0,0,0,0,0,0,0,0,0,1
5,"Copycat (1995)",0,0,0,0,1,0,1,0,0,1,0,1,0,0,1,0,0,0,3.3023,0,0,0,3,0,0,0,4,0,0,3,3,0,0,2,0,0,0,0,3,2
960,"Naked (1993)",0,0,0,0,0,0,1,0,0,0,0,0,0,0,0,0,0,0,3.2400,3,2,0,0,0,0,0,0,0,0,0,0,0,0,4,5,0,0,0,0,3
699,"Little Women (1994)",0,0,0,0,0,0,1,0,0,0,0,0,0,0,0,0,0,0,3.6765,4,3,0,0,0,4,4,4,4,4,4,3,0,5,0,0,5,0,0,0,2
410,"Kingpin (1996)",0,0,0,1,0,0,0,0,0,0,0,0,0,0,0,0,0,0,3.1296,0,0,5,2,0,0,3,4,2,0,3,0,4,0,4,2,3,0,0,4,2
534,"Traveller (1997)",0,0,0,0,0,0,1,0,0,0,0,0,0,0,0,0,0,0,3.3077,0,0,5,0,0,0,0,0,0,0,0,0,0,0,0,0,0,0,0,0,2
192,"Raging Bull (1980)",0,0,0,0,0,0,1,0,0,0,0,0,0,0,0,0,0,0,4.1207,4,4,5,5,0,4,0,5,4,4,0,3,3,0,0,5,4,0,4,5,3
537,"My Own Private Idaho (1991)",0,0,0,0,0,0,1,0,0,0,0,0,1,0,0,0,0,0,3.6333,0,3,0,0,0,0,0,4,0,0,0,0,4,0,0,4,0,4,0,0,3
498,"African Queen, The (1951)",0,1,0,1,0,0,0,0,0,0,0,0,1,0,0,1,0,0,4.1842,3,0,0,0,0,5,5,5,4,3,0,5,5,4,0,4,5,4,4,0,3
346,"Jackie Brown (1997)",0,0,0,0,1,0,1,0,0,0,0,0,0,0,1,0,0,0,3.6429,3,4,4,3,0,0,0,0,5,0,0,0,0,4,0,0,0,5,0,4,4
610,"Gigi (1958)",0,0,0,0,0,0,0,0,0,0,1,0,0,0,0,0,0,0,3.6585,4,0,0,0,0,5,4,4,3,4,0,4,0,0,0,0,0,0,3,0,4
475,"Trainspotting (1996)",0,0,0,1,1,0,1,0,0,0,0,0,0,0,0,0,0,0,3.8840,4,4,5,0,0,3,0,4,4,0,0,0,4,2,4,4,0,4,0,5,3
1101,"Six Degrees of Separation (1993)",0,0,0,0,0,0,1,0,0,0,0,0,0,0,0,0,0,0,3.7703,3,0,0,3,0,4,5,0,0,0,3,3,5,0,0,4,4,0,4,0,2
956,"Nobody's Fool (1994)",0,0,0,1,0,0,1,0,0,0,0,0,1,0,0,0,0,0,3.6087,4,4,0,3,0,0,0,0,4,4,3,3,0,0,4,0,3,0,0,0,3
190,"Henry V (1989)",1,0,0,0,0,0,1,0,0,0,0,0,1,0,0,1,0,0,4.1371,4,4,0,0,0,5,5,0,3,4,0,3,5,0,0,4,0,4,4,0,3
113,"Horseman on the Roof, The (Hussard sur le toit, Le) (1995)",0,0,0,0,0,0,1,0,0,0,0,0,1,0,0,0,0,0,4.1111,0,0,0,0,0,0,0,0,0,0,0,0,0,0,0,0,0,0,0,0,3
516,"Local Hero (1983)",0,0,0,1,0,0,0,0,0,0,0,0,0,0,0,0,0,0,3.9683,3,0,0,0,0,5,4,4,0,5,0,3,0,0,0,0,0,0,4,0,2
294,"Liar Liar (1997)",0,0,0,1,0,0,0,0,0,0,0,0,0,0,0,0,0,0,3.1567,1,0,3,2,0,0,0,3,3,4,2,3,0,4,4,3,0,0,0,4,3
1268,"Bitter Moon (1992)",0,0,0,0,0,0,1,0,1,0,0,0,1,0,0,0,0,0,3.3000,0,4,0,0,0,0,0,0,0,0,0,0,0,0,0,0,0,0,0,0,3
1388,"Gabbeh (1996)",0,0,0,0,0,0,1,0,0,0,0,0,0,0,0,0,0,0,3.3333,0,0,0,0,0,0,0,0,0,0,0,0,0,0,0,0,0,0,0,0,3
1121,"Umbrellas of Cherbourg, The (Parapluies de Cherbourg, Les) (1964)",0,0,0,0,0,0,1,0,0,0,1,0,1,0,0,0,0,0,3.7619,0,0,0,0,0,0,0,3,0,0,0,5,0,0,0,0,4,0,3,0,3
1128,"Heidi Fleiss: Hollywood Madam (1995)",0,0,0,0,0,1,0,0,0,0,0,0,0,0,0,0,0,0,2.6923,0,4,0,0,0,0,0,0,0,0,0,0,0,0,0,0,0,0,0,0,3
770,"Devil in a Blue Dress (1995)",0,0,0,0,1,0,0,0,1,0,0,1,0,0,1,0,0,0,3.3860,3,3,0,3,0,0,4,4,0,0,0,4,0,4,0,0,0,0,0,4,2
762,"Beautiful Girls (1996)",0,0,0,1,0,0,1,0,0,0,0,0,1,0,0,0,0,0,3.3913,3,0,5,0,0,3,4,0,0,3,3,0,4,3,4,0,0,3,0,0,2
1462,"Thieves (Voleurs, Les) (1996)",0,0,0,0,1,0,1,0,0,0,0,0,1,0,0,0,0,0,3.7143,0,0,0,0,0,0,0,0,0,0,0,3,0,0,0,0,0,0,0,0,3
1,"Toy Story (1995)",0,1,1,1,0,0,0,1,0,0,0,0,0,0,0,0,0,0,3.8783,2,3,4,2,0,0,2,4,0,4,4,3,3,5,5,4,4,0,0,5,2
88,"Sleepless in Seattle (1993)",0,0,0,1,0,0,1,0,0,0,0,0,1,0,0,0,0,0,3.5399,2,0,0,3,5,0,0,4,4,5,4,3,3,3,4,2,3,0,0,3,2
255,"My Best Friend's Wedding (1997)",0,0,0,1,0,0,0,0,0,0,0,0,1,0,0,0,0,0,3.3605,0,0,4,3,0,0,0,4,4,0,4,0,0,5,4,3,3,3,0,0,3
930,"Chain Reaction (1996)",1,1,0,0,0,0,0,0,0,0,0,0,0,0,1,0,0,0,2.7000,0,0,0,0,0,0,0,0,0,0,2,0,0,3,0,0,0,0,0,2,2
751,"Tomorrow Never Dies (1997)",1,1,0,0,0,0,0,0,0,0,0,0,0,0,1,0,0,0,3.4278,0,3,3,3,0,0,0,0,0,5,0,2,0,0,0,0,0,0,3,4,3
276,"Leaving Las Vegas (1995)",0,0,0,0,0,0,1,0,0,0,0,0,1,0,0,0,0,0,3.6980,4,5,5,0,4,4,5,4,5,0,4,3,5,3,4,0,4,4,0,4,4
1257,"Designated Mourner, The (1997)",0,0,0,0,0,0,1,0,0,0,0,0,0,0,0,0,0,0,1.7500,0,0,0,0,0,0,0,0,0,0,0,0,0,0,0,0,0,0,0,0,3
518,"Miller's Crossing (1990)",0,0,0,0,1,0,1,0,1,0,0,0,0,0,1,0,0,0,3.6517,4,4,5,5,0,2,0,0,4,4,0,0,0,0,4,0,0,4,0,4,2
913,"Love and Death on Long Island (1997)",0,0,0,1,0,0,1,0,0,0,0,0,0,0,0,0,0,0,2.5000,0,0,0,0,0,0,0,0,0,0,0,0,0,0,0,0,0,0,0,0,4
286,"English Patient, The (1996)",0,0,0,0,0,0,1,0,0,0,0,0,1,0,0,1,0,0,3.6570,3,2,5,3,0,5,3,0,5,4,5,3,0,5,5,2,4,4,4,0,3
695,"Kicking and Screaming (1995)",0,0,0,1,0,0,1,0,0,0,0,0,0,0,0,0,0,0,2.9231,0,1,0,0,0,0,0,0,0,0,0,0,0,0,0,0,0,0,0,0,3
1643,"Angel Baby (1995)",0,0,0,0,0,0,1,0,0,0,0,0,0,0,0,0,0,0,3.7500,0,0,0,0,0,0,0,0,0,0,0,0,0,0,0,0,0,0,0,0,5
730,"Queen Margot (Reine Margot, La) (1994)",0,0,0,0,0,0,1,0,0,0,0,0,1,0,0,0,0,0,3.5000,3,0,4,0,0,5,0,0,0,0,0,0,0,0,0,0,0,0,0,0,2
553,"Walk in the Clouds, A (1995)",0,0,0,0,0,0,1,0,0,0,0,0,1,0,0,0,0,0,3.2857,2,0,0,3,0,2,0,0,2,2,0,0,0,4,0,0,3,1,0,0,2
49,"I.Q. (1994)",0,0,0,1,0,0,0,0,0,0,0,0,1,0,0,0,0,0,3.3210,0,0,0,3,0,0,0,3,0,5,3,0,0,4,2,0,0,0,0,0,1
295,"Breakdown (1997)",1,0,0,0,0,0,0,0,0,0,0,0,0,0,1,0,0,0,3.4026,0,0,4,0,0,0,0,3,0,0,3,0,0,5,0,0,0,0,0,0,3
785,"Only You (1994)",0,0,0,1,0,0,0,0,0,0,0,0,1,0,0,0,0,0,3.1538,0,0,0,0,0,0,0,0,0,3,0,3,0,3,3,0,0,0,0,0,2
188,"Full Metal Jacket (1987)",0,0,0,0,0,0,1,0,0,0,0,0,0,0,0,1,0,0,3.6824,4,4,5,3,0,0,4,0,5,3,0,2,4,0,0,5,0,0,2,4,3
806,"Menace II Society (1993)",1,0,0,0,1,0,1,0,0,0,0,0,0,0,0,0,0,0,3.4600,3,3,4,0,0,0,0,4,0,0,4,2,2,0,0,4,0,0,0,4,3
466,"Red Rock West (1992)",0,0,0,0,0,0,0,0,0,0,0,0,0,0,1,0,0,0,3.5962,4,4,5,3,0,0,4,5,0,0,0,4,2,0,0,3,0,0,0,0,3
26,"Brothers McMullen, The (1995)",0,0,0,1,0,0,0,0,0,0,0,0,0,0,0,0,0,0,3.4521,3,4,0,3,0,4,0,0,4,5,0,0,3,0,4,3,0,0,0,0,3
642,"Grifters, The (1990)",0,0,0,0,1,0,1,0,1,0,0,0,0,0,0,0,0,0,3.4831,4,4,0,3,0,0,5,5,4,4,0,3,4,0,0,0,4,5,4,0,3
502,"Bananas (1971)",0,0,0,1,0,0,0,0,0,0,0,0,0,0,0,1,0,0,3.7018,0,0,0,3,0,0,0,5,0,5,0,4,3,0,4,3,0,3,4,0,4
291,"Absolute Power (1997)",0,0,0,0,0,0,0,0,0,0,0,1,0,0,1,0,0,0,3.3701,2,0,3,2,0,0,0,3,4,0,0,3,4,4,3,0,0,0,3,3,3
240,"Beavis and Butt-Head Do America (1996)",0,1,1,1,1,0,0,0,0,0,0,0,0,0,0,0,0,0,2.7885,0,3,0,2,0,0,2,0,0,0,0,0,0,1,3,0,0,0,0,4,3
739,"Pretty Woman (1990)",0,0,0,1,0,0,0,0,0,0,0,0,1,0,0,0,0,0,3.3232,1,0,0,2,0,5,4,4,0,4,4,3,3,5,5,0,3,0,0,2,4
425,"Bob Roberts (1992)",0,0,0,1,0,0,0,0,0,0,0,0,0,0,0,0,0,0,3.7412,3,3,5,4,0,4,4,4,0,0,0,0,3,4,4,3,0,4,4,4,3
375,"Showgirls (1995)",0,0,0,0,0,0,1,0,0,0,0,0,0,0,0,0,0,0,1.9565,0,3,0,0,0,0,0,0,0,0,0,0,0,1,2,0,0,0,0,1,2
605,"Meet Me in St. Louis (1944)",0,0,0,0,0,0,0,0,0,0,1,0,0,0,0,0,0,0,3.3548,0,0,0,3,0,0,0,4,3,0,0,3,0,0,0,0,0,0,0,0,3
1160,"Love! Valour! Compassion! (1997)",0,0,0,0,0,0,1,0,0,0,0,0,1,0,0,0,0,0,3.6154,0,0,0,0,0,0,0,0,0,5,0,0,0,4,2,0,5,0,0,0,3
684,"In the Line of Fire (1993)",1,0,0,0,0,0,0,0,0,0,0,0,0,0,1,0,0,0,3.7929,3,3,0,3,5,3,3,3,4,0,3,0,4,5,0,4,0,4,0,4,3
328,"Conspiracy Theory (1997)",0,0,0,0,0,0,1,0,0,0,0,1,1,0,1,0,0,0,3.4237,2,0,1,2,4,3,0,0,0,4,3,2,0,5,3,2,0,3,3,4,2
603,"Rear Window (1954)",0,0,0,0,0,0,0,0,0,0,0,1,0,0,1,0,0,0,4.3876,4,4,5,5,0,5,5,5,5,5,0,4,4,5,5,4,0,5,0,5,4
36,"Mad Love (1995)",0,0,0,0,0,0,1,0,0,0,0,0,1,0,0,0,0,0,2.1538,0,1,0,1,0,0,0,0,0,0,0,0,0,2,0,0,3,0,0,0,2
